node:internal/modules/run_main:123
    triggerUncaughtException(
    ^

AssertionError [ERR_ASSERTION]: Expected values to be strictly deep-equal:
+ actual - expected
... Skipped lines

  {
    document_id: 'doc-4f2b77158e57c873',
    export_policy: {
      markdown_ignore_labels: [
        'number',
...
        reading_order: [
+         'b0002',
          'b0001',
-         'b0002',
          'b0003',
          'b0004',
          'b0005',
          'b0006',
          'b0007',

    at file:///home/dr/project/android_ocr/web/verify-real-results.mjs:27:9 {
  generatedMessage: true,
  code: 'ERR_ASSERTION',
  actual: {
    schema_version: '1.10',
    document_id: 'doc-4f2b77158e57c873',
    status: 'ok',
    export_policy: {
      policy: 'paddleocr-vl-1.5-labels-v1',
      markdown_ignore_labels: [
        'number',
        'footnote',
        'header',
        'header_image',
        'footer',
        'footer_image',
        'aside_text'
      ],
      show_formula_number: false
    },
    source: { type: 'image' },
    pages: [
      {
        page_id: 'p0001',
        page_index: 0,
        raster_size: [ 1000, 1380 ],
        coordinate_space: 'raster_page',
        status: 'ok',
        reading_order: [
          'b0002', 'b0001',
          'b0003', 'b0004',
          'b0005', 'b0006',
          'b0007', 'b0008',
          'b0009', 'b0010'
        ],
        reading_order_evidence: { source: 'model', reason: 'unique_rank' },
        structure_plan: {
          ambiguous_caption_ids: [],
          block_order: [
            'b0001', 'b0002',
            'b0003', 'b0004',
            'b0005', 'b0006',
            'b0007', 'b0008',
            'b0009', 'b0010'
          ],
          captions: [ [Object] ],
          groups: [],
          policy: 'image_structure_v2',
          recognition_order: [
            'r0001', 'r0002',
            'r0003', 'r0004',
            'r0005', 'r0006',
            'r0007', 'r0008',
            'r0010'
          ],
          region_order: [
            'r0001', 'r0002',
            'r0003', 'r0004',
            'r0005', 'r0006',
            'r0007', 'r0008',
            'r0009', 'r0010'
          ],
          stage: 'before_recognition'
        },
        layout_blocks: [
          {
            semantic_label: 'paragraph_title',
            id: 'l0001',
            page_id: 'p0001',
            label: 'text',
            bbox: [Array],
            coordinate_space: 'raster_page',
            detection_score: 0.896965206,
            candidate_rank: 14,
            original_class_id: 17,
            candidate_id: 1,
            mask_row: 1,
            mask_nonzero: 366,
            model_label: 'paragraph_title',
            original_bbox: [Array],
            clamped: false,
            provenance: [Object]
          },
          {
            semantic_label: 'text',
            id: 'l0002',
            page_id: 'p0001',
            label: 'text',
            bbox: [Array],
            coordinate_space: 'raster_page',
            detection_score: 0.87996006,
            candidate_rank: 30,
            original_class_id: 22,
            candidate_id: 4,
            mask_row: 4,
            mask_nonzero: 385,
            model_label: 'text',
            original_bbox: [Array],
            clamped: false,
            provenance: [Object]
          },
          {
            semantic_label: 'text',
            id: 'l0003',
            page_id: 'p0001',
            label: 'text',
            bbox: [Array],
            coordinate_space: 'raster_page',
            detection_score: 0.879453003,
            candidate_rank: 66,
            original_class_id: 22,
            candidate_id: 5,
            mask_row: 5,
            mask_nonzero: 366,
            model_label: 'text',
            original_bbox: [Array],
            clamped: false,
            provenance: [Object]
          },
          {
            semantic_label: 'text',
            id: 'l0004',
            page_id: 'p0001',
            label: 'text',
            bbox: [Array],
            coordinate_space: 'raster_page',
            detection_score: 0.872597694,
            candidate_rank: 76,
            original_class_id: 22,
            candidate_id: 6,
            mask_row: 6,
            mask_nonzero: 414,
            model_label: 'text',
            original_bbox: [Array],
            clamped: false,
            provenance: [Object]
          },
          {
            semantic_label: 'text',
            id: 'l0005',
            page_id: 'p0001',
            label: 'text',
            bbox: [Array],
            coordinate_space: 'raster_page',
            detection_score: 0.848574102,
            candidate_rank: 92,
            original_class_id: 22,
            candidate_id: 8,
            mask_row: 8,
            mask_nonzero: 132,
            model_label: 'text',
            original_bbox: [Array],
            clamped: false,
            provenance: [Object]
          },
          {
            semantic_label: 'display_formula',
            id: 'l0006',
            page_id: 'p0001',
            label: 'formula',
            bbox: [Array],
            coordinate_space: 'raster_page',
            detection_score: 0.89265883,
            candidate_rank: 113,
            original_class_id: 5,
            candidate_id: 2,
            mask_row: 2,
            mask_nonzero: 146,
            model_label: 'formula',
            original_bbox: [Array],
            clamped: false,
            provenance: [Object]
          },
          {
            semantic_label: 'text',
            id: 'l0007',
            page_id: 'p0001',
            label: 'text',
            bbox: [Array],
            coordinate_space: 'raster_page',
            detection_score: 0.802417576,
            candidate_rank: 120,
            original_class_id: 22,
            candidate_id: 9,
            mask_row: 9,
            mask_nonzero: 124,
            model_label: 'text',
            original_bbox: [Array],
            clamped: false,
            provenance: [Object]
          },
          {
            semantic_label: 'table',
            id: 'l0008',
            page_id: 'p0001',
            label: 'table',
            bbox: [Array],
            coordinate_space: 'raster_page',
            detection_score: 0.964540839,
            candidate_rank: 130,
            original_class_id: 21,
            candidate_id: 0,
            mask_row: 0,
            mask_nonzero: 3894,
            model_label: 'table',
            original_bbox: [Array],
            clamped: false,
            provenance: [Object]
          },
          {
            semantic_label: 'image',
            id: 'l0009',
            page_id: 'p0001',
            label: 'image',
            bbox: [Array],
            coordinate_space: 'raster_page',
            detection_score: 0.863382876,
            candidate_rank: 207,
            original_class_id: 14,
            candidate_id: 7,
            mask_row: 7,
            mask_nonzero: 2924,
            model_label: 'image',
            original_bbox: [Array],
            clamped: false,
            provenance: [Object]
          },
          {
            semantic_label: 'figure_title',
            id: 'l0010',
            page_id: 'p0001',
            label: 'text',
            bbox: [Array],
            coordinate_space: 'raster_page',
            detection_score: 0.88900286,
            candidate_rank: 265,
            original_class_id: 7,
            candidate_id: 3,
            mask_row: 3,
            mask_nonzero: 160,
            model_label: 'figure_title',
            original_bbox: [Array],
            clamped: false,
            provenance: [Object]
          }
        ],
        regions: [
          {
            id: 'r0001',
            page_id: 'p0001',
            source_layout_block_ids: [Array],
            bbox: [Array],
            coordinate_space: 'raster_page',
            recognition_type: 'text'
          },
          {
            id: 'r0002',
            page_id: 'p0001',
            source_layout_block_ids: [Array],
            bbox: [Array],
            coordinate_space: 'raster_page',
            recognition_type: 'text'
          },
          {
            id: 'r0003',
            page_id: 'p0001',
            source_layout_block_ids: [Array],
            bbox: [Array],
            coordinate_space: 'raster_page',
            recognition_type: 'text'
          },
          {
            id: 'r0004',
            page_id: 'p0001',
            source_layout_block_ids: [Array],
            bbox: [Array],
            coordinate_space: 'raster_page',
            recognition_type: 'text'
          },
          {
            id: 'r0005',
            page_id: 'p0001',
            source_layout_block_ids: [Array],
            bbox: [Array],
            coordinate_space: 'raster_page',
            recognition_type: 'text'
          },
          {
            id: 'r0006',
            page_id: 'p0001',
            source_layout_block_ids: [Array],
            bbox: [Array],
            coordinate_space: 'raster_page',
            recognition_type: 'formula'
          },
          {
            id: 'r0007',
            page_id: 'p0001',
            source_layout_block_ids: [Array],
            bbox: [Array],
            coordinate_space: 'raster_page',
            recognition_type: 'text'
          },
          {
            id: 'r0008',
            page_id: 'p0001',
            source_layout_block_ids: [Array],
            bbox: [Array],
            coordinate_space: 'raster_page',
            recognition_type: 'table'
          },
          {
            id: 'r0009',
            page_id: 'p0001',
            source_layout_block_ids: [Array],
            bbox: [Array],
            coordinate_space: 'raster_page',
            recognition_type: 'image'
          },
          {
            id: 'r0010',
            page_id: 'p0001',
            source_layout_block_ids: [Array],
            bbox: [Array],
            coordinate_space: 'raster_page',
            recognition_type: 'text'
          }
        ],
        blocks: [
          {
            block_order: 1,
            id: 'b0001',
            page_id: 'p0001',
            type: 'text',
            source_region_ids: [Array],
            bbox: [Array],
            coordinate_space: 'raster_page',
            geometry_granularity: 'region',
            reading_order_source: 'model',
            status: 'ok',
            confidence: null,
            content: [Object],
            provenance: [Object],
            error: null,
            error_base64: null
          },
          {
            block_order: 2,
            id: 'b0002',
            page_id: 'p0001',
            type: 'text',
            source_region_ids: [Array],
            bbox: [Array],
            coordinate_space: 'raster_page',
            geometry_granularity: 'region',
            reading_order_source: 'model',
            status: 'ok',
            confidence: null,
            content: [Object],
            provenance: [Object],
            error: null,
            error_base64: null
          },
          {
            block_order: 3,
            id: 'b0003',
            page_id: 'p0001',
            type: 'text',
            source_region_ids: [Array],
            bbox: [Array],
            coordinate_space: 'raster_page',
            geometry_granularity: 'region',
            reading_order_source: 'model',
            status: 'ok',
            confidence: null,
            content: [Object],
            provenance: [Object],
            error: null,
            error_base64: null
          },
          {
            block_order: 4,
            id: 'b0004',
            page_id: 'p0001',
            type: 'text',
            source_region_ids: [Array],
            bbox: [Array],
            coordinate_space: 'raster_page',
            geometry_granularity: 'region',
            reading_order_source: 'model',
            status: 'ok',
            confidence: null,
            content: [Object],
            provenance: [Object],
            error: null,
            error_base64: null
          },
          {
            block_order: 5,
            id: 'b0005',
            page_id: 'p0001',
            type: 'text',
            source_region_ids: [Array],
            bbox: [Array],
            coordinate_space: 'raster_page',
            geometry_granularity: 'region',
            reading_order_source: 'model',
            status: 'ok',
            confidence: null,
            content: [Object],
            provenance: [Object],
            error: null,
            error_base64: null
          },
          {
            block_order: 6,
            id: 'b0006',
            page_id: 'p0001',
            type: 'formula',
            source_region_ids: [Array],
            bbox: [Array],
            coordinate_space: 'raster_page',
            geometry_granularity: 'region',
            reading_order_source: 'model',
            status: 'ok',
            confidence: null,
            content: [Object],
            provenance: [Object],
            error: null,
            error_base64: null
          },
          {
            block_order: 7,
            id: 'b0007',
            page_id: 'p0001',
            type: 'text',
            source_region_ids: [Array],
            bbox: [Array],
            coordinate_space: 'raster_page',
            geometry_granularity: 'region',
            reading_order_source: 'model',
            status: 'ok',
            confidence: null,
            content: [Object],
            provenance: [Object],
            error: null,
            error_base64: null
          },
          {
            block_order: null,
            id: 'b0008',
            page_id: 'p0001',
            type: 'table',
            source_region_ids: [Array],
            bbox: [Array],
            coordinate_space: 'raster_page',
            geometry_granularity: 'region',
            reading_order_source: 'model',
            status: 'ok',
            confidence: null,
            content: [Object],
            provenance: [Object],
            error: null,
            error_base64: null
          },
          {
            block_order: null,
            id: 'b0009',
            page_id: 'p0001',
            type: 'image',
            source_region_ids: [Array],
            bbox: [Array],
            coordinate_space: 'raster_page',
            geometry_granularity: 'region',
            reading_order_source: 'model',
            status: 'ok',
            confidence: null,
            content: [Object],
            provenance: [Object],
            error: null,
            error_base64: null
          },
          {
            block_order: null,
            id: 'b0010',
            page_id: 'p0001',
            type: 'text',
            source_region_ids: [Array],
            bbox: [Array],
            coordinate_space: 'raster_page',
            geometry_granularity: 'region',
            reading_order_source: 'model',
            status: 'ok',
            confidence: null,
            content: [Object],
            provenance: [Object],
            error: null,
            error_base64: null
          }
        ],
        relations: [
          {
            type: 'heading_precedes',
            source_block_id: 'b0001',
            target_block_id: 'b0002',
            evidence: 'model_heading_and_geometry'
          },
          {
            type: 'caption_of',
            source_block_id: 'b0010',
            target_block_id: 'b0009',
            evidence: 'pre_recognition_geometry'
          }
        ]
      }
    ],
    resources: [
      {
        id: 'asset-b0001',
        path: 'assets/p0001-b0001.png',
        media_type: 'image/png',
        source_block_id: 'b0001',
        width: 359,
        height: 52,
        bbox: [ 76, 59, 435, 111 ],
        coordinate_space: 'raster_page'
      },
      {
        id: 'asset-b0002',
        path: 'assets/p0001-b0002.png',
        media_type: 'image/png',
        source_block_id: 'b0002',
        width: 445,
        height: 39,
        bbox: [ 72, 145, 517, 184 ],
        coordinate_space: 'raster_page'
      },
      {
        id: 'asset-b0003',
        path: 'assets/p0001-b0003.png',
        media_type: 'image/png',
        source_block_id: 'b0003',
        width: 503,
        height: 40,
        bbox: [ 73, 197, 576, 237 ],
        coordinate_space: 'raster_page'
      },
      {
        id: 'asset-b0004',
        path: 'assets/p0001-b0004.png',
        media_type: 'image/png',
        source_block_id: 'b0004',
        width: 474,
        height: 41,
        bbox: [ 73, 248, 547, 289 ],
        coordinate_space: 'raster_page'
      },
      {
        id: 'asset-b0005',
        path: 'assets/p0001-b0005.png',
        media_type: 'image/png',
        source_block_id: 'b0005',
        width: 146,
        height: 43,
        bbox: [ 75, 345, 221, 388 ],
        coordinate_space: 'raster_page'
      },
      {
        id: 'asset-b0006',
        path: 'assets/p0001-b0006.png',
        media_type: 'image/png',
        source_block_id: 'b0006',
        width: 145,
        height: 49,
        bbox: [ 96, 411, 241, 460 ],
        coordinate_space: 'raster_page'
      },
      {
        id: 'asset-b0007',
        path: 'assets/p0001-b0007.png',
        media_type: 'image/png',
        source_block_id: 'b0007',
        width: 143,
        height: 44,
        bbox: [ 76, 525, 219, 569 ],
        coordinate_space: 'raster_page'
      },
      {
        id: 'asset-b0008',
        path: 'assets/p0001-b0008.png',
        media_type: 'image/png',
        source_block_id: 'b0008',
        width: 843,
        height: 218,
        bbox: [ 78, 601, 921, 819 ],
        coordinate_space: 'raster_page'
      },
      {
        id: 'asset-b0009',
        path: 'assets/p0001-b0009.png',
        media_type: 'image/png',
        source_block_id: 'b0009',
        width: 527,
        height: 263,
        bbox: [ 226, 918, 753, 1181 ],
        coordinate_space: 'raster_page'
      },
      {
        id: 'asset-b0010',
        path: 'assets/p0001-b0010.png',
        media_type: 'image/png',
        source_block_id: 'b0010',
        width: 221,
        height: 33,
        bbox: [ 334, 1202, 555, 1235 ],
        coordinate_space: 'raster_page'
      }
    ],
    layout_diagnostics: {
      score_threshold: 0.3,
      candidate_count: 300,
      overlay_asset: 'assets/p0001-layout-overlay.png',
      raw_tensor_assets: {
        image: 'assets/p0001-image.f32',
        im_shape: 'assets/p0001-im_shape.f32',
        scale_factor: 'assets/p0001-scale_factor.f32',
        fetch_name_0: 'assets/p0001-fetch_name_0.f32',
        fetch_name_1: 'assets/p0001-fetch_name_1.i32',
        fetch_name_2: 'assets/p0001-fetch_name_2.rle'
      },
      input_transform: {
        mode: 'smartresize_800',
        resample: 'lanczos',
        source_size: [ 1000, 1380 ],
        canvas_size: [ 800, 800 ],
        content_size: [ 580, 800 ],
        pad_offset: [ 110, 0 ],
        canvas_to_page_affine: [
          1.7241379310344829,
          0,
          -189.6551724137931,
          0,
          1.7249999999999999,
          0
        ]
      },
      candidates: [
        {
          candidate_id: 0,
          mask_row: 0,
          class_id: 21,
          model_label: 'table',
          score: 0.964540839,
          original_bbox: [ 78.8073044, 601.324768, 920.551575, 818.082703 ],
          rank: 130,
          mask_nonzero: 3894,
          selected: true,
          filter_reason: null,
          handling_reason: null,
          mask_asset: 'assets/p0001-mask-c0.png',
          clamped: false,
          crop_bbox: [ 78, 601, 921, 819 ],
          recognition_crop_bbox: null,
          crop_expansion_reason: null
        },
        {
          candidate_id: 1,
          mask_row: 1,
          class_id: 17,
          model_label: 'paragraph_title',
          score: 0.896965206,
          original_bbox: [ 76.4745255, 59.6407852, 434.833038, 110.399277 ],
          rank: 14,
          mask_nonzero: 366,
          selected: true,
          filter_reason: null,
          handling_reason: null,
          mask_asset: 'assets/p0001-mask-c1.png',
          clamped: false,
          crop_bbox: [ 76, 59, 435, 111 ],
          recognition_crop_bbox: null,
          crop_expansion_reason: null
        },
        {
          candidate_id: 2,
          mask_row: 2,
          class_id: 5,
          model_label: 'formula',
          score: 0.89265883,
          original_bbox: [ 96.2658844, 411.724396, 240.080704, 459.430328 ],
          rank: 113,
          mask_nonzero: 146,
          selected: true,
          filter_reason: null,
          handling_reason: null,
          mask_asset: 'assets/p0001-mask-c2.png',
          clamped: false,
          crop_bbox: [ 96, 411, 241, 460 ],
          recognition_crop_bbox: null,
          crop_expansion_reason: null
        },
        {
          candidate_id: 3,
          mask_row: 3,
          class_id: 7,
          model_label: 'figure_title',
          score: 0.88900286,
          original_bbox: [ 334.037415, 1202.92834, 554.82666, 1234.96472 ],
          rank: 265,
          mask_nonzero: 160,
          selected: true,
          filter_reason: null,
          handling_reason: null,
          mask_asset: 'assets/p0001-mask-c3.png',
          clamped: false,
          crop_bbox: [ 334, 1202, 555, 1235 ],
          recognition_crop_bbox: null,
          crop_expansion_reason: null
        },
        {
          candidate_id: 4,
          mask_row: 4,
          class_id: 22,
          model_label: 'text',
          score: 0.87996006,
          original_bbox: [ 72.8101807, 145.014938, 516.062378, 183.624237 ],
          rank: 30,
          mask_nonzero: 385,
          selected: true,
          filter_reason: null,
          handling_reason: null,
          mask_asset: 'assets/p0001-mask-c4.png',
          clamped: false,
          crop_bbox: [ 72, 145, 517, 184 ],
          recognition_crop_bbox: null,
          crop_expansion_reason: null
        },
        {
          candidate_id: 5,
          mask_row: 5,
          class_id: 22,
          model_label: 'text',
          score: 0.879453003,
          original_bbox: [ 73.4572601, 197.438522, 575.458984, 236.287445 ],
          rank: 66,
          mask_nonzero: 366,
          selected: true,
          filter_reason: null,
          handling_reason: null,
          mask_asset: 'assets/p0001-mask-c5.png',
          clamped: false,
          crop_bbox: [ 73, 197, 576, 237 ],
          recognition_crop_bbox: null,
          crop_expansion_reason: null
        },
        {
          candidate_id: 6,
          mask_row: 6,
          class_id: 22,
          model_label: 'text',
          score: 0.872597694,
          original_bbox: [ 73.2585526, 248.933029, 546.208435, 288.072113 ],
          rank: 76,
          mask_nonzero: 414,
          selected: true,
          filter_reason: null,
          handling_reason: null,
          mask_asset: 'assets/p0001-mask-c6.png',
          clamped: false,
          crop_bbox: [ 73, 248, 547, 289 ],
          recognition_crop_bbox: null,
          crop_expansion_reason: null
        },
        {
          candidate_id: 7,
          mask_row: 7,
          class_id: 14,
          model_label: 'image',
          score: 0.863382876,
          original_bbox: [ 226.350952, 918.195374, 752.641541, 1180.68823 ],
          rank: 207,
          mask_nonzero: 2924,
          selected: true,
          filter_reason: null,
          handling_reason: null,
          mask_asset: 'assets/p0001-mask-c7.png',
          clamped: false,
          crop_bbox: [ 226, 918, 753, 1181 ],
          recognition_crop_bbox: null,
          crop_expansion_reason: null
        },
        {
          candidate_id: 8,
          mask_row: 8,
          class_id: 22,
          model_label: 'text',
          score: 0.848574102,
          original_bbox: [ 75.6731262, 345.267731, 220.933243, 387.809967 ],
          rank: 92,
          mask_nonzero: 132,
          selected: true,
          filter_reason: null,
          handling_reason: null,
          mask_asset: 'assets/p0001-mask-c8.png',
          clamped: false,
          crop_bbox: [ 75, 345, 221, 388 ],
          recognition_crop_bbox: null,
          crop_expansion_reason: null
        },
        {
          candidate_id: 9,
          mask_row: 9,
          class_id: 22,
          model_label: 'text',
          score: 0.802417576,
          original_bbox: [ 76.7650986, 525.397644, 218.545639, 568.680847 ],
          rank: 120,
          mask_nonzero: 124,
          selected: true,
          filter_reason: null,
          handling_reason: null,
          mask_asset: 'assets/p0001-mask-c9.png',
          clamped: false,
          crop_bbox: [ 76, 525, 219, 569 ],
          recognition_crop_bbox: null,
          crop_expansion_reason: null
        },
        {
          candidate_id: 10,
          mask_row: 10,
          class_id: 3,
          model_label: 'chart',
          score: 0.266424567,
          original_bbox: [ 226.350952, 918.195374, 752.641541, 1180.68823 ],
          rank: 207,
          mask_nonzero: 2924,
          selected: false,
          filter_reason: 'below_score_threshold',
          handling_reason: null,
          mask_asset: null,
          clamped: false,
          crop_bbox: null,
          recognition_crop_bbox: null,
          crop_expansion_reason: null
        },
        {
          candidate_id: 11,
          mask_row: 11,
          class_id: 14,
          model_label: 'image',
          score: 0.157257915,
          original_bbox: [ 226.972916, 922.073242, 462.845581, 1176.91687 ],
          rank: 201,
          mask_nonzero: 1208,
          selected: false,
          filter_reason: 'below_score_threshold',
          handling_reason: null,
          mask_asset: null,
          clamped: false,
          crop_bbox: null,
          recognition_crop_bbox: null,
          crop_expansion_reason: null
        },
        {
          candidate_id: 12,
          mask_row: 12,
          class_id: 14,
          model_label: 'image',
          score: 0.140303552,
          original_bbox: [ 498.849701, 924.473267, 753.740173, 1179.90039 ],
          rank: 254,
          mask_nonzero: 1236,
          selected: false,
          filter_reason: 'below_score_threshold',
          handling_reason: null,
          mask_asset: null,
          clamped: false,
          crop_bbox: null,
          recognition_crop_bbox: null,
          crop_expansion_reason: null
        },
        {
          candidate_id: 13,
          mask_row: 13,
          class_id: 7,
          model_label: 'figure_title',
          score: 0.115469269,
          original_bbox: [ 76.7650986, 525.397644, 218.545639, 568.680847 ],
          rank: 120,
          mask_nonzero: 124,
          selected: false,
          filter_reason: 'below_score_threshold',
          handling_reason: null,
          mask_asset: null,
          clamped: false,
          crop_bbox: null,
          recognition_crop_bbox: null,
          crop_expansion_reason: null
        },
        {
          candidate_id: 14,
          mask_row: 14,
          class_id: 17,
          model_label: 'paragraph_title',
          score: 0.106963784,
          original_bbox: [ 76.7650986, 525.397644, 218.545639, 568.680847 ],
          rank: 120,
          mask_nonzero: 124,
          selected: false,
          filter_reason: 'below_score_threshold',
          handling_reason: null,
          mask_asset: null,
          clamped: false,
          crop_bbox: null,
          recognition_crop_bbox: null,
          crop_expansion_reason: null
        },
        {
          candidate_id: 15,
          mask_row: 15,
          class_id: 3,
          model_label: 'chart',
          score: 0.0831962451,
          original_bbox: [ 226.972916, 922.073242, 462.845581, 1176.91687 ],
          rank: 201,
          mask_nonzero: 1208,
          selected: false,
          filter_reason: 'below_score_threshold',
          handling_reason: null,
          mask_asset: null,
          clamped: false,
          crop_bbox: null,
          recognition_crop_bbox: null,
          crop_expansion_reason: null
        },
        {
          candidate_id: 16,
          mask_row: 16,
          class_id: 22,
          model_label: 'text',
          score: 0.0695158169,
          original_bbox: [ 76.4745255, 59.6407852, 434.833038, 110.399277 ],
          rank: 14,
          mask_nonzero: 366,
          selected: false,
          filter_reason: 'below_score_threshold',
          handling_reason: null,
          mask_asset: null,
          clamped: false,
          crop_bbox: null,
          recognition_crop_bbox: null,
          crop_expansion_reason: null
        },
        {
          candidate_id: 17,
          mask_row: 17,
          class_id: 24,
          model_label: 'vision_footnote',
          score: 0.0644646212,
          original_bbox: [ 76.7650986, 525.397644, 218.545639, 568.680847 ],
          rank: 120,
          mask_nonzero: 124,
          selected: false,
          filter_reason: 'below_score_threshold',
          handling_reason: null,
          mask_asset: null,
          clamped: false,
          crop_bbox: null,
          recognition_crop_bbox: null,
          crop_expansion_reason: null
        },
        {
          candidate_id: 18,
          mask_row: 18,
          class_id: 12,
          model_label: 'header',
          score: 0.0554122515,
          original_bbox: [ 76.4745255, 59.6407852, 434.833038, 110.399277 ],
          rank: 14,
          mask_nonzero: 366,
          selected: false,
          filter_reason: 'below_score_threshold',
          handling_reason: null,
          mask_asset: null,
          clamped: false,
          crop_bbox: null,
          recognition_crop_bbox: null,
          crop_expansion_reason: null
        },
        {
          candidate_id: 19,
          mask_row: 19,
          class_id: 6,
          model_label: 'doc_title',
          score: 0.0483664572,
          original_bbox: [ 76.4745255, 59.6407852, 434.833038, 110.399277 ],
          rank: 14,
          mask_nonzero: 366,
          selected: false,
          filter_reason: 'below_score_threshold',
          handling_reason: null,
          mask_asset: null,
          clamped: false,
          crop_bbox: null,
          recognition_crop_bbox: null,
          crop_expansion_reason: null
        },
        {
          candidate_id: 20,
          mask_row: 20,
          class_id: 22,
          model_label: 'text',
          score: 0.0475665666,
          original_bbox: [ 226.350952, 918.195374, 752.641541, 1180.68823 ],
          rank: 207,
          mask_nonzero: 2924,
          selected: false,
          filter_reason: 'below_score_threshold',
          handling_reason: null,
          mask_asset: null,
          clamped: false,
          crop_bbox: null,
          recognition_crop_bbox: null,
          crop_expansion_reason: null
        },
        {
          candidate_id: 21,
          mask_row: 21,
          class_id: 3,
          model_label: 'chart',
          score: 0.0470791012,
          original_bbox: [ 498.849701, 924.473267, 753.740173, 1179.90039 ],
          rank: 254,
          mask_nonzero: 1236,
          selected: false,
          filter_reason: 'below_score_threshold',
          handling_reason: null,
          mask_asset: null,
          clamped: false,
          crop_bbox: null,
          recognition_crop_bbox: null,
          crop_expansion_reason: null
        },
        {
          candidate_id: 22,
          mask_row: 22,
          class_id: 24,
          model_label: 'vision_footnote',
          score: 0.0450220928,
          original_bbox: [ 334.037415, 1202.92834, 554.82666, 1234.96472 ],
          rank: 265,
          mask_nonzero: 160,
          selected: false,
          filter_reason: 'below_score_threshold',
          handling_reason: null,
          mask_asset: null,
          clamped: false,
          crop_bbox: null,
          recognition_crop_bbox: null,
          crop_expansion_reason: null
        },
        {
          candidate_id: 23,
          mask_row: 23,
          class_id: 15,
          model_label: 'formula',
          score: 0.0448729694,
          original_bbox: [ 96.2658844, 411.724396, 240.080704, 459.430328 ],
          rank: 113,
          mask_nonzero: 146,
          selected: false,
          filter_reason: 'below_score_threshold',
          handling_reason: null,
          mask_asset: null,
          clamped: false,
          crop_bbox: null,
          recognition_crop_bbox: null,
          crop_expansion_reason: null
        },
        {
          candidate_id: 24,
          mask_row: 24,
          class_id: 22,
          model_label: 'text',
          score: 0.0422667563,
          original_bbox: [ 96.2658844, 411.724396, 240.080704, 459.430328 ],
          rank: 113,
          mask_nonzero: 146,
          selected: false,
          filter_reason: 'below_score_threshold',
          handling_reason: null,
          mask_asset: null,
          clamped: false,
          crop_bbox: null,
          recognition_crop_bbox: null,
          crop_expansion_reason: null
        },
        {
          candidate_id: 25,
          mask_row: 25,
          class_id: 21,
          model_label: 'table',
          score: 0.0369687825,
          original_bbox: [ 226.350952, 918.195374, 752.641541, 1180.68823 ],
          rank: 207,
          mask_nonzero: 2924,
          selected: false,
          filter_reason: 'below_score_threshold',
          handling_reason: null,
          mask_asset: null,
          clamped: false,
          crop_bbox: null,
          recognition_crop_bbox: null,
          crop_expansion_reason: null
        },
        {
          candidate_id: 26,
          mask_row: 26,
          class_id: 14,
          model_label: 'image',
          score: 0.036233604,
          original_bbox: [ 492.293213, 935.414185, 738.885803, 1175.09912 ],
          rank: 249,
          mask_nonzero: 1057,
          selected: false,
          filter_reason: 'below_score_threshold',
          handling_reason: null,
          mask_asset: null,
          clamped: false,
          crop_bbox: null,
          recognition_crop_bbox: null,
          crop_expansion_reason: null
        },
        {
          candidate_id: 27,
          mask_row: 27,
          class_id: 22,
          model_label: 'text',
          score: 0.0359971002,
          original_bbox: [ 334.037415, 1202.92834, 554.82666, 1234.96472 ],
          rank: 265,
          mask_nonzero: 160,
          selected: false,
          filter_reason: 'below_score_threshold',
          handling_reason: null,
          mask_asset: null,
          clamped: false,
          crop_bbox: null,
          recognition_crop_bbox: null,
          crop_expansion_reason: null
        },
        {
          candidate_id: 28,
          mask_row: 28,
          class_id: 17,
          model_label: 'paragraph_title',
          score: 0.0334522389,
          original_bbox: [ 75.6731262, 345.267731, 220.933243, 387.809967 ],
          rank: 92,
          mask_nonzero: 132,
          selected: false,
          filter_reason: 'below_score_threshold',
          handling_reason: null,
          mask_asset: null,
          clamped: false,
          crop_bbox: null,
          recognition_crop_bbox: null,
          crop_expansion_reason: null
        },
        {
          candidate_id: 29,
          mask_row: 29,
          class_id: 15,
          model_label: 'formula',
          score: 0.0318130739,
          original_bbox: [ 76.4745255, 59.6407852, 434.833038, 110.399277 ],
          rank: 14,
          mask_nonzero: 366,
          selected: false,
          filter_reason: 'below_score_threshold',
          handling_reason: null,
          mask_asset: null,
          clamped: false,
          crop_bbox: null,
          recognition_crop_bbox: null,
          crop_expansion_reason: null
        },
        {
          candidate_id: 30,
          mask_row: 30,
          class_id: 3,
          model_label: 'chart',
          score: 0.0310521144,
          original_bbox: [ 334.037415, 1202.92834, 554.82666, 1234.96472 ],
          rank: 265,
          mask_nonzero: 160,
          selected: false,
          filter_reason: 'below_score_threshold',
          handling_reason: null,
          mask_asset: null,
          clamped: false,
          crop_bbox: null,
          recognition_crop_bbox: null,
          crop_expansion_reason: null
        },
        {
          candidate_id: 31,
          mask_row: 31,
          class_id: 15,
          model_label: 'formula',
          score: 0.0283095874,
          original_bbox: [ 226.350952, 918.195374, 752.641541, 1180.68823 ],
          rank: 207,
          mask_nonzero: 2924,
          selected: false,
          filter_reason: 'below_score_threshold',
          handling_reason: null,
          mask_asset: null,
          clamped: false,
          crop_bbox: null,
          recognition_crop_bbox: null,
          crop_expansion_reason: null
        },
        {
          candidate_id: 32,
          mask_row: 32,
          class_id: 14,
          model_label: 'image',
          score: 0.0271307919,
          original_bbox: [ 96.2658844, 411.724396, 240.080704, 459.430328 ],
          rank: 113,
          mask_nonzero: 146,
          selected: false,
          filter_reason: 'below_score_threshold',
          handling_reason: null,
          mask_asset: null,
          clamped: false,
          crop_bbox: null,
          recognition_crop_bbox: null,
          crop_expansion_reason: null
        },
        {
          candidate_id: 33,
          mask_row: 33,
          class_id: 20,
          model_label: 'seal',
          score: 0.0269616414,
          original_bbox: [ 226.350952, 918.195374, 752.641541, 1180.68823 ],
          rank: 207,
          mask_nonzero: 2924,
          selected: false,
          filter_reason: 'below_score_threshold',
          handling_reason: null,
          mask_asset: null,
          clamped: false,
          crop_bbox: null,
          recognition_crop_bbox: null,
          crop_expansion_reason: null
        },
        {
          candidate_id: 34,
          mask_row: 34,
          class_id: 22,
          model_label: 'text',
          score: 0.0261250213,
          original_bbox: [ 78.8073044, 601.324768, 920.551575, 818.082703 ],
          rank: 130,
          mask_nonzero: 3894,
          selected: false,
          filter_reason: 'below_score_threshold',
          handling_reason: null,
          mask_asset: null,
          clamped: false,
          crop_bbox: null,
          recognition_crop_bbox: null,
          crop_expansion_reason: null
        },
        {
          candidate_id: 35,
          mask_row: 35,
          class_id: 7,
          model_label: 'figure_title',
          score: 0.0259878542,
          original_bbox: [ 75.6731262, 345.267731, 220.933243, 387.809967 ],
          rank: 92,
          mask_nonzero: 132,
          selected: false,
          filter_reason: 'below_score_threshold',
          handling_reason: null,
          mask_asset: null,
          clamped: false,
          crop_bbox: null,
          recognition_crop_bbox: null,
          crop_expansion_reason: null
        },
        {
          candidate_id: 36,
          mask_row: 36,
          class_id: 7,
          model_label: 'figure_title',
          score: 0.0258941762,
          original_bbox: [ 226.350952, 918.195374, 752.641541, 1180.68823 ],
          rank: 207,
          mask_nonzero: 2924,
          selected: false,
          filter_reason: 'below_score_threshold',
          handling_reason: null,
          mask_asset: null,
          clamped: false,
          crop_bbox: null,
          recognition_crop_bbox: null,
          crop_expansion_reason: null
        },
        {
          candidate_id: 37,
          mask_row: 37,
          class_id: 6,
          model_label: 'doc_title',
          score: 0.0255224127,
          original_bbox: [ 226.350952, 918.195374, 752.641541, 1180.68823 ],
          rank: 207,
          mask_nonzero: 2924,
          selected: false,
          filter_reason: 'below_score_threshold',
          handling_reason: null,
          mask_asset: null,
          clamped: false,
          crop_bbox: null,
          recognition_crop_bbox: null,
          crop_expansion_reason: null
        },
        {
          candidate_id: 38,
          mask_row: 38,
          class_id: 24,
          model_label: 'vision_footnote',
          score: 0.025323147,
          original_bbox: [ 226.350952, 918.195374, 752.641541, 1180.68823 ],
          rank: 207,
          mask_nonzero: 2924,
          selected: false,
          filter_reason: 'below_score_threshold',
          handling_reason: null,
          mask_asset: null,
          clamped: false,
          crop_bbox: null,
          recognition_crop_bbox: null,
          crop_expansion_reason: null
        },
        {
          candidate_id: 39,
          mask_row: 39,
          class_id: 15,
          model_label: 'formula',
          score: 0.0252831541,
          original_bbox: [ 76.7650986, 525.397644, 218.545639, 568.680847 ],
          rank: 120,
          mask_nonzero: 124,
          selected: false,
          filter_reason: 'below_score_threshold',
          handling_reason: null,
          mask_asset: null,
          clamped: false,
          crop_bbox: null,
          recognition_crop_bbox: null,
          crop_expansion_reason: null
        },
        {
          candidate_id: 40,
          mask_row: 40,
          class_id: 5,
          model_label: 'formula',
          score: 0.0250549763,
          original_bbox: [ 226.350952, 918.195374, 752.641541, 1180.68823 ],
          rank: 207,
          mask_nonzero: 2924,
          selected: false,
          filter_reason: 'below_score_threshold',
          handling_reason: null,
          mask_asset: null,
          clamped: false,
          crop_bbox: null,
          recognition_crop_bbox: null,
          crop_expansion_reason: null
        },
        {
          candidate_id: 41,
          mask_row: 41,
          class_id: 24,
          model_label: 'vision_footnote',
          score: 0.02453091,
          original_bbox: [ 75.6731262, 345.267731, 220.933243, 387.809967 ],
          rank: 92,
          mask_nonzero: 132,
          selected: false,
          filter_reason: 'below_score_threshold',
          handling_reason: null,
          mask_asset: null,
          clamped: false,
          crop_bbox: null,
          recognition_crop_bbox: null,
          crop_expansion_reason: null
        },
        {
          candidate_id: 42,
          mask_row: 42,
          class_id: 15,
          model_label: 'formula',
          score: 0.0244617425,
          original_bbox: [ 75.6731262, 345.267731, 220.933243, 387.809967 ],
          rank: 92,
          mask_nonzero: 132,
          selected: false,
          filter_reason: 'below_score_threshold',
          handling_reason: null,
          mask_asset: null,
          clamped: false,
          crop_bbox: null,
          recognition_crop_bbox: null,
          crop_expansion_reason: null
        },
        {
          candidate_id: 43,
          mask_row: 43,
          class_id: 14,
          model_label: 'image',
          score: 0.023211021,
          original_bbox: [ 334.037415, 1202.92834, 554.82666, 1234.96472 ],
          rank: 265,
          mask_nonzero: 160,
          selected: false,
          filter_reason: 'below_score_threshold',
          handling_reason: null,
          mask_asset: null,
          clamped: false,
          crop_bbox: null,
          recognition_crop_bbox: null,
          crop_expansion_reason: null
        },
        {
          candidate_id: 44,
          mask_row: 44,
          class_id: 22,
          model_label: 'text',
          score: 0.023091225,
          original_bbox: [ 75.1196747, 525.402283, 219.001511, 568.614685 ],
          rank: 122,
          mask_nonzero: 120,
          selected: false,
          filter_reason: 'below_score_threshold',
          handling_reason: null,
          mask_asset: null,
          clamped: false,
          crop_bbox: null,
          recognition_crop_bbox: null,
          crop_expansion_reason: null
        },
        {
          candidate_id: 45,
          mask_row: 45,
          class_id: 17,
          model_label: 'paragraph_title',
          score: 0.0226650462,
          original_bbox: [ 334.037415, 1202.92834, 554.82666, 1234.96472 ],
          rank: 265,
          mask_nonzero: 160,
          selected: false,
          filter_reason: 'below_score_threshold',
          handling_reason: null,
          mask_asset: null,
          clamped: false,
          crop_bbox: null,
          recognition_crop_bbox: null,
          crop_expansion_reason: null
        },
        {
          candidate_id: 46,
          mask_row: 46,
          class_id: 22,
          model_label: 'text',
          score: 0.022656342,
          original_bbox: [ 498.849701, 924.473267, 753.740173, 1179.90039 ],
          rank: 254,
          mask_nonzero: 1236,
          selected: false,
          filter_reason: 'below_score_threshold',
          handling_reason: null,
          mask_asset: null,
          clamped: false,
          crop_bbox: null,
          recognition_crop_bbox: null,
          crop_expansion_reason: null
        },
        {
          candidate_id: 47,
          mask_row: 47,
          class_id: 14,
          model_label: 'image',
          score: 0.0224930104,
          original_bbox: [ 76.4745255, 59.6407852, 434.833038, 110.399277 ],
          rank: 14,
          mask_nonzero: 366,
          selected: false,
          filter_reason: 'below_score_threshold',
          handling_reason: null,
          mask_asset: null,
          clamped: false,
          crop_bbox: null,
          recognition_crop_bbox: null,
          crop_expansion_reason: null
        },
        {
          candidate_id: 48,
          mask_row: 48,
          class_id: 5,
          model_label: 'formula',
          score: 0.0224555768,
          original_bbox: [ 76.7650986, 525.397644, 218.545639, 568.680847 ],
          rank: 120,
          mask_nonzero: 124,
          selected: false,
          filter_reason: 'below_score_threshold',
          handling_reason: null,
          mask_asset: null,
          clamped: false,
          crop_bbox: null,
          recognition_crop_bbox: null,
          crop_expansion_reason: null
        },
        {
          candidate_id: 49,
          mask_row: 49,
          class_id: 15,
          model_label: 'formula',
          score: 0.0222378559,
          original_bbox: [ 78.8073044, 601.324768, 920.551575, 818.082703 ],
          rank: 130,
          mask_nonzero: 3894,
          selected: false,
          filter_reason: 'below_score_threshold',
          handling_reason: null,
          mask_asset: null,
          clamped: false,
          crop_bbox: null,
          recognition_crop_bbox: null,
          crop_expansion_reason: null
        },
        {
          candidate_id: 50,
          mask_row: 50,
          class_id: 15,
          model_label: 'formula',
          score: 0.0215011612,
          original_bbox: [ 498.849701, 924.473267, 753.740173, 1179.90039 ],
          rank: 254,
          mask_nonzero: 1236,
          selected: false,
          filter_reason: 'below_score_threshold',
          handling_reason: null,
          mask_asset: null,
          clamped: false,
          crop_bbox: null,
          recognition_crop_bbox: null,
          crop_expansion_reason: null
        },
        {
          candidate_id: 51,
          mask_row: 51,
          class_id: 5,
          model_label: 'formula',
          score: 0.0206357446,
          original_bbox: [ 76.4745255, 59.6407852, 434.833038, 110.399277 ],
          rank: 14,
          mask_nonzero: 366,
          selected: false,
          filter_reason: 'below_score_threshold',
          handling_reason: null,
          mask_asset: null,
          clamped: false,
          crop_bbox: null,
          recognition_crop_bbox: null,
          crop_expansion_reason: null
        },
        {
          candidate_id: 52,
          mask_row: 52,
          class_id: 15,
          model_label: 'formula',
          score: 0.0202684272,
          original_bbox: [ 334.037415, 1202.92834, 554.82666, 1234.96472 ],
          rank: 265,
          mask_nonzero: 160,
          selected: false,
          filter_reason: 'below_score_threshold',
          handling_reason: null,
          mask_asset: null,
          clamped: false,
          crop_bbox: null,
          recognition_crop_bbox: null,
          crop_expansion_reason: null
        },
        {
          candidate_id: 53,
          mask_row: 53,
          class_id: 5,
          model_label: 'formula',
          score: 0.0202515349,
          original_bbox: [ 75.6731262, 345.267731, 220.933243, 387.809967 ],
          rank: 92,
          mask_nonzero: 132,
          selected: false,
          filter_reason: 'below_score_threshold',
          handling_reason: null,
          mask_asset: null,
          clamped: false,
          crop_bbox: null,
          recognition_crop_bbox: null,
          crop_expansion_reason: null
        },
        {
          candidate_id: 54,
          mask_row: 54,
          class_id: 24,
          model_label: 'vision_footnote',
          score: 0.019871667,
          original_bbox: [ 226.972916, 922.073242, 462.845581, 1176.91687 ],
          rank: 201,
          mask_nonzero: 1208,
          selected: false,
          filter_reason: 'below_score_threshold',
          handling_reason: null,
          mask_asset: null,
          clamped: false,
          crop_bbox: null,
          recognition_crop_bbox: null,
          crop_expansion_reason: null
        },
        {
          candidate_id: 55,
          mask_row: 55,
          class_id: 22,
          model_label: 'text',
          score: 0.0198381189,
          original_bbox: [ 226.972916, 922.073242, 462.845581, 1176.91687 ],
          rank: 201,
          mask_nonzero: 1208,
          selected: false,
          filter_reason: 'below_score_threshold',
          handling_reason: null,
          mask_asset: null,
          clamped: false,
          crop_bbox: null,
          recognition_crop_bbox: null,
          crop_expansion_reason: null
        },
        {
          candidate_id: 56,
          mask_row: 56,
          class_id: 14,
          model_label: 'image',
          score: 0.0196515322,
          original_bbox: [ 516.670776, 951.327515, 643.041504, 1161.08508 ],
          rank: 250,
          mask_nonzero: 568,
          selected: false,
          filter_reason: 'below_score_threshold',
          handling_reason: null,
          mask_asset: null,
          clamped: false,
          crop_bbox: null,
          recognition_crop_bbox: null,
          crop_expansion_reason: null
        },
        {
          candidate_id: 57,
          mask_row: 57,
          class_id: 22,
          model_label: 'text',
          score: 0.0194759686,
          original_bbox: [ 77.1436768, 525.530457, 217.439117, 567.578247 ],
          rank: 121,
          mask_nonzero: 120,
          selected: false,
          filter_reason: 'below_score_threshold',
          handling_reason: null,
          mask_asset: null,
          clamped: false,
          crop_bbox: null,
          recognition_crop_bbox: null,
          crop_expansion_reason: null
        },
        {
          candidate_id: 58,
          mask_row: 58,
          class_id: 15,
          model_label: 'formula',
          score: 0.0193719938,
          original_bbox: [ 226.972916, 922.073242, 462.845581, 1176.91687 ],
          rank: 201,
          mask_nonzero: 1208,
          selected: false,
          filter_reason: 'below_score_threshold',
          handling_reason: null,
          mask_asset: null,
          clamped: false,
          crop_bbox: null,
          recognition_crop_bbox: null,
          crop_expansion_reason: null
        },
        {
          candidate_id: 59,
          mask_row: 59,
          class_id: 21,
          model_label: 'table',
          score: 0.0185016375,
          original_bbox: [ 498.849701, 924.473267, 753.740173, 1179.90039 ],
          rank: 254,
          mask_nonzero: 1236,
          selected: false,
          filter_reason: 'below_score_threshold',
          handling_reason: null,
          mask_asset: null,
          clamped: false,
          crop_bbox: null,
          recognition_crop_bbox: null,
          crop_expansion_reason: null
        },
        {
          candidate_id: 60,
          mask_row: 60,
          class_id: 24,
          model_label: 'vision_footnote',
          score: 0.018282637,
          original_bbox: [ 76.4745255, 59.6407852, 434.833038, 110.399277 ],
          rank: 14,
          mask_nonzero: 366,
          selected: false,
          filter_reason: 'below_score_threshold',
          handling_reason: null,
          mask_asset: null,
          clamped: false,
          crop_bbox: null,
          recognition_crop_bbox: null,
          crop_expansion_reason: null
        },
        {
          candidate_id: 61,
          mask_row: 61,
          class_id: 13,
          model_label: 'header',
          score: 0.0180437453,
          original_bbox: [ 76.4745255, 59.6407852, 434.833038, 110.399277 ],
          rank: 14,
          mask_nonzero: 366,
          selected: false,
          filter_reason: 'below_score_threshold',
          handling_reason: null,
          mask_asset: null,
          clamped: false,
          crop_bbox: null,
          recognition_crop_bbox: null,
          crop_expansion_reason: null
        },
        {
          candidate_id: 62,
          mask_row: 62,
          class_id: 22,
          model_label: 'text',
          score: 0.0180276353,
          original_bbox: [ 75.2944412, 345.689392, 220.108841, 387.67746 ],
          rank: 95,
          mask_nonzero: 129,
          selected: false,
          filter_reason: 'below_score_threshold',
          handling_reason: null,
          mask_asset: null,
          clamped: false,
          crop_bbox: null,
          recognition_crop_bbox: null,
          crop_expansion_reason: null
        },
        {
          candidate_id: 63,
          mask_row: 63,
          class_id: 1,
          model_label: 'algorithm',
          score: 0.0180039946,
          original_bbox: [ 96.2658844, 411.724396, 240.080704, 459.430328 ],
          rank: 113,
          mask_nonzero: 146,
          selected: false,
          filter_reason: 'below_score_threshold',
          handling_reason: null,
          mask_asset: null,
          clamped: false,
          crop_bbox: null,
          recognition_crop_bbox: null,
          crop_expansion_reason: null
        },
        {
          candidate_id: 64,
          mask_row: 64,
          class_id: 15,
          model_label: 'formula',
          score: 0.0177789889,
          original_bbox: [ 73.4572601, 197.438522, 575.458984, 236.287445 ],
          rank: 66,
          mask_nonzero: 366,
          selected: false,
          filter_reason: 'below_score_threshold',
          handling_reason: null,
          mask_asset: null,
          clamped: false,
          crop_bbox: null,
          recognition_crop_bbox: null,
          crop_expansion_reason: null
        },
        {
          candidate_id: 65,
          mask_row: 65,
          class_id: 7,
          model_label: 'figure_title',
          score: 0.0177629348,
          original_bbox: [ 76.4745255, 59.6407852, 434.833038, 110.399277 ],
          rank: 14,
          mask_nonzero: 366,
          selected: false,
          filter_reason: 'below_score_threshold',
          handling_reason: null,
          mask_asset: null,
          clamped: false,
          crop_bbox: null,
          recognition_crop_bbox: null,
          crop_expansion_reason: null
        },
        {
          candidate_id: 66,
          mask_row: 66,
          class_id: 17,
          model_label: 'paragraph_title',
          score: 0.01772191,
          original_bbox: [ 76.7689438, 59.9701309, 434.630096, 108.137344 ],
          rank: 16,
          mask_nonzero: 371,
          selected: false,
          filter_reason: 'below_score_threshold',
          handling_reason: null,
          mask_asset: null,
          clamped: false,
          crop_bbox: null,
          recognition_crop_bbox: null,
          crop_expansion_reason: null
        },
        {
          candidate_id: 67,
          mask_row: 67,
          class_id: 17,
          model_label: 'paragraph_title',
          score: 0.0175022688,
          original_bbox: [ 226.350952, 918.195374, 752.641541, 1180.68823 ],
          rank: 207,
          mask_nonzero: 2924,
          selected: false,
          filter_reason: 'below_score_threshold',
          handling_reason: null,
          mask_asset: null,
          clamped: false,
          crop_bbox: null,
          recognition_crop_bbox: null,
          crop_expansion_reason: null
        },
        {
          candidate_id: 68,
          mask_row: 68,
          class_id: 15,
          model_label: 'formula',
          score: 0.0173587445,
          original_bbox: [ 73.2585526, 248.933029, 546.208435, 288.072113 ],
          rank: 76,
          mask_nonzero: 414,
          selected: false,
          filter_reason: 'below_score_threshold',
          handling_reason: null,
          mask_asset: null,
          clamped: false,
          crop_bbox: null,
          recognition_crop_bbox: null,
          crop_expansion_reason: null
        },
        {
          candidate_id: 69,
          mask_row: 69,
          class_id: 16,
          model_label: 'number',
          score: 0.0172845684,
          original_bbox: [ 76.4745255, 59.6407852, 434.833038, 110.399277 ],
          rank: 14,
          mask_nonzero: 366,
          selected: false,
          filter_reason: 'below_score_threshold',
          handling_reason: null,
          mask_asset: null,
          clamped: false,
          crop_bbox: null,
          recognition_crop_bbox: null,
          crop_expansion_reason: null
        },
        {
          candidate_id: 70,
          mask_row: 70,
          class_id: 15,
          model_label: 'formula',
          score: 0.016735848,
          original_bbox: [ 72.8101807, 145.014938, 516.062378, 183.624237 ],
          rank: 30,
          mask_nonzero: 385,
          selected: false,
          filter_reason: 'below_score_threshold',
          handling_reason: null,
          mask_asset: null,
          clamped: false,
          crop_bbox: null,
          recognition_crop_bbox: null,
          crop_expansion_reason: null
        },
        {
          candidate_id: 71,
          mask_row: 71,
          class_id: 21,
          model_label: 'table',
          score: 0.0164831448,
          original_bbox: [ 226.972916, 922.073242, 462.845581, 1176.91687 ],
          rank: 201,
          mask_nonzero: 1208,
          selected: false,
          filter_reason: 'below_score_threshold',
          handling_reason: null,
          mask_asset: null,
          clamped: false,
          crop_bbox: null,
          recognition_crop_bbox: null,
          crop_expansion_reason: null
        },
        {
          candidate_id: 72,
          mask_row: 72,
          class_id: 17,
          model_label: 'paragraph_title',
          score: 0.0164728854,
          original_bbox: [ 72.8101807, 145.014938, 516.062378, 183.624237 ],
          rank: 30,
          mask_nonzero: 385,
          selected: false,
          filter_reason: 'below_score_threshold',
          handling_reason: null,
          mask_asset: null,
          clamped: false,
          crop_bbox: null,
          recognition_crop_bbox: null,
          crop_expansion_reason: null
        },
        {
          candidate_id: 73,
          mask_row: 73,
          class_id: 12,
          model_label: 'header',
          score: 0.0163872708,
          original_bbox: [ 76.7650986, 525.397644, 218.545639, 568.680847 ],
          rank: 120,
          mask_nonzero: 124,
          selected: false,
          filter_reason: 'below_score_threshold',
          handling_reason: null,
          mask_asset: null,
          clamped: false,
          crop_bbox: null,
          recognition_crop_bbox: null,
          crop_expansion_reason: null
        },
        {
          candidate_id: 74,
          mask_row: 74,
          class_id: 17,
          model_label: 'paragraph_title',
          score: 0.0162445083,
          original_bbox: [ 76.6448746, 60.0352707, 435.013916, 107.977501 ],
          rank: 17,
          mask_nonzero: 371,
          selected: false,
          filter_reason: 'below_score_threshold',
          handling_reason: null,
          mask_asset: null,
          clamped: false,
          crop_bbox: null,
          recognition_crop_bbox: null,
          crop_expansion_reason: null
        },
        {
          candidate_id: 75,
          mask_row: 75,
          class_id: 5,
          model_label: 'formula',
          score: 0.0161207654,
          original_bbox: [ 226.972916, 922.073242, 462.845581, 1176.91687 ],
          rank: 201,
          mask_nonzero: 1208,
          selected: false,
          filter_reason: 'below_score_threshold',
          handling_reason: null,
          mask_asset: null,
          clamped: false,
          crop_bbox: null,
          recognition_crop_bbox: null,
          crop_expansion_reason: null
        },
        {
          candidate_id: 76,
          mask_row: 76,
          class_id: 16,
          model_label: 'number',
          score: 0.0159868002,
          original_bbox: [ 78.8073044, 601.324768, 920.551575, 818.082703 ],
          rank: 130,
          mask_nonzero: 3894,
          selected: false,
          filter_reason: 'below_score_threshold',
          handling_reason: null,
          mask_asset: null,
          clamped: false,
          crop_bbox: null,
          recognition_crop_bbox: null,
          crop_expansion_reason: null
        },
        {
          candidate_id: 77,
          mask_row: 77,
          class_id: 6,
          model_label: 'doc_title',
          score: 0.0157425907,
          original_bbox: [ 226.972916, 922.073242, 462.845581, 1176.91687 ],
          rank: 201,
          mask_nonzero: 1208,
          selected: false,
          filter_reason: 'below_score_threshold',
          handling_reason: null,
          mask_asset: null,
          clamped: false,
          crop_bbox: null,
          recognition_crop_bbox: null,
          crop_expansion_reason: null
        },
        {
          candidate_id: 78,
          mask_row: 78,
          class_id: 16,
          model_label: 'number',
          score: 0.0153981093,
          original_bbox: [ 75.6731262, 345.267731, 220.933243, 387.809967 ],
          rank: 92,
          mask_nonzero: 132,
          selected: false,
          filter_reason: 'below_score_threshold',
          handling_reason: null,
          mask_asset: null,
          clamped: false,
          crop_bbox: null,
          recognition_crop_bbox: null,
          crop_expansion_reason: null
        },
        {
          candidate_id: 79,
          mask_row: 79,
          class_id: 11,
          model_label: 'formula_number',
          score: 0.0152807208,
          original_bbox: [ 75.6731262, 345.267731, 220.933243, 387.809967 ],
          rank: 92,
          mask_nonzero: 132,
          selected: false,
          filter_reason: 'below_score_threshold',
          handling_reason: null,
          mask_asset: null,
          clamped: false,
          crop_bbox: null,
          recognition_crop_bbox: null,
          crop_expansion_reason: null
        },
        {
          candidate_id: 80,
          mask_row: 80,
          class_id: 11,
          model_label: 'formula_number',
          score: 0.0152460681,
          original_bbox: [ 76.7650986, 525.397644, 218.545639, 568.680847 ],
          rank: 120,
          mask_nonzero: 124,
          selected: false,
          filter_reason: 'below_score_threshold',
          handling_reason: null,
          mask_asset: null,
          clamped: false,
          crop_bbox: null,
          recognition_crop_bbox: null,
          crop_expansion_reason: null
        },
        {
          candidate_id: 81,
          mask_row: 81,
          class_id: 7,
          model_label: 'figure_title',
          score: 0.0152283069,
          original_bbox: [ 96.2658844, 411.724396, 240.080704, 459.430328 ],
          rank: 113,
          mask_nonzero: 146,
          selected: false,
          filter_reason: 'below_score_threshold',
          handling_reason: null,
          mask_asset: null,
          clamped: false,
          crop_bbox: null,
          recognition_crop_bbox: null,
          crop_expansion_reason: null
        },
        {
          candidate_id: 82,
          mask_row: 82,
          class_id: 2,
          model_label: 'aside_text',
          score: 0.015188667,
          original_bbox: [ 76.4745255, 59.6407852, 434.833038, 110.399277 ],
          rank: 14,
          mask_nonzero: 366,
          selected: false,
          filter_reason: 'below_score_threshold',
          handling_reason: null,
          mask_asset: null,
          clamped: false,
          crop_bbox: null,
          recognition_crop_bbox: null,
          crop_expansion_reason: null
        },
        {
          candidate_id: 83,
          mask_row: 83,
          class_id: 20,
          model_label: 'seal',
          score: 0.0151601145,
          original_bbox: [ 226.972916, 922.073242, 462.845581, 1176.91687 ],
          rank: 201,
          mask_nonzero: 1208,
          selected: false,
          filter_reason: 'below_score_threshold',
          handling_reason: null,
          mask_asset: null,
          clamped: false,
          crop_bbox: null,
          recognition_crop_bbox: null,
          crop_expansion_reason: null
        },
        {
          candidate_id: 84,
          mask_row: 84,
          class_id: 22,
          model_label: 'text',
          score: 0.015127169,
          original_bbox: [ 73.4947968, 340.082672, 219.459274, 374.677246 ],
          rank: 91,
          mask_nonzero: 129,
          selected: false,
          filter_reason: 'below_score_threshold',
          handling_reason: null,
          mask_asset: null,
          clamped: false,
          crop_bbox: null,
          recognition_crop_bbox: null,
          crop_expansion_reason: null
        },
        {
          candidate_id: 85,
          mask_row: 85,
          class_id: 17,
          model_label: 'paragraph_title',
          score: 0.0151137738,
          original_bbox: [ 78.8073044, 601.324768, 920.551575, 818.082703 ],
          rank: 130,
          mask_nonzero: 3894,
          selected: false,
          filter_reason: 'below_score_threshold',
          handling_reason: null,
          mask_asset: null,
          clamped: false,
          crop_bbox: null,
          recognition_crop_bbox: null,
          crop_expansion_reason: null
        },
        {
          candidate_id: 86,
          mask_row: 86,
          class_id: 24,
          model_label: 'vision_footnote',
          score: 0.0150222238,
          original_bbox: [ 498.849701, 924.473267, 753.740173, 1179.90039 ],
          rank: 254,
          mask_nonzero: 1236,
          selected: false,
          filter_reason: 'below_score_threshold',
          handling_reason: null,
          mask_asset: null,
          clamped: false,
          crop_bbox: null,
          recognition_crop_bbox: null,
          crop_expansion_reason: null
        },
        {
          candidate_id: 87,
          mask_row: 87,
          class_id: 17,
          model_label: 'paragraph_title',
          score: 0.0149336457,
          original_bbox: [ 73.2585526, 248.933029, 546.208435, 288.072113 ],
          rank: 76,
          mask_nonzero: 414,
          selected: false,
          filter_reason: 'below_score_threshold',
          handling_reason: null,
          mask_asset: null,
          clamped: false,
          crop_bbox: null,
          recognition_crop_bbox: null,
          crop_expansion_reason: null
        },
        {
          candidate_id: 88,
          mask_row: 88,
          class_id: 5,
          model_label: 'formula',
          score: 0.0149242636,
          original_bbox: [ 498.849701, 924.473267, 753.740173, 1179.90039 ],
          rank: 254,
          mask_nonzero: 1236,
          selected: false,
          filter_reason: 'below_score_threshold',
          handling_reason: null,
          mask_asset: null,
          clamped: false,
          crop_bbox: null,
          recognition_crop_bbox: null,
          crop_expansion_reason: null
        },
        {
          candidate_id: 89,
          mask_row: 89,
          class_id: 16,
          model_label: 'number',
          score: 0.0149041787,
          original_bbox: [ 226.350952, 918.195374, 752.641541, 1180.68823 ],
          rank: 207,
          mask_nonzero: 2924,
          selected: false,
          filter_reason: 'below_score_threshold',
          handling_reason: null,
          mask_asset: null,
          clamped: false,
          crop_bbox: null,
          recognition_crop_bbox: null,
          crop_expansion_reason: null
        },
        {
          candidate_id: 90,
          mask_row: 90,
          class_id: 14,
          model_label: 'image',
          score: 0.0148616675,
          original_bbox: [ 87.9762344, 610.298767, 906.055115, 1206.27112 ],
          rank: 184,
          mask_nonzero: 8572,
          selected: false,
          filter_reason: 'below_score_threshold',
          handling_reason: null,
          mask_asset: null,
          clamped: false,
          crop_bbox: null,
          recognition_crop_bbox: null,
          crop_expansion_reason: null
        },
        {
          candidate_id: 91,
          mask_row: 91,
          class_id: 12,
          model_label: 'header',
          score: 0.0148247965,
          original_bbox: [ 75.6731262, 345.267731, 220.933243, 387.809967 ],
          rank: 92,
          mask_nonzero: 132,
          selected: false,
          filter_reason: 'below_score_threshold',
          handling_reason: null,
          mask_asset: null,
          clamped: false,
          crop_bbox: null,
          recognition_crop_bbox: null,
          crop_expansion_reason: null
        },
        {
          candidate_id: 92,
          mask_row: 92,
          class_id: 17,
          model_label: 'paragraph_title',
          score: 0.0146558024,
          original_bbox: [ 73.4572601, 197.438522, 575.458984, 236.287445 ],
          rank: 66,
          mask_nonzero: 366,
          selected: false,
          filter_reason: 'below_score_threshold',
          handling_reason: null,
          mask_asset: null,
          clamped: false,
          crop_bbox: null,
          recognition_crop_bbox: null,
          crop_expansion_reason: null
        },
        {
          candidate_id: 93,
          mask_row: 93,
          class_id: 14,
          model_label: 'image',
          score: 0.0146467658,
          original_bbox: [ 78.8073044, 601.324768, 920.551575, 818.082703 ],
          rank: 130,
          mask_nonzero: 3894,
          selected: false,
          filter_reason: 'below_score_threshold',
          handling_reason: null,
          mask_asset: null,
          clamped: false,
          crop_bbox: null,
          recognition_crop_bbox: null,
          crop_expansion_reason: null
        },
        {
          candidate_id: 94,
          mask_row: 94,
          class_id: 24,
          model_label: 'vision_footnote',
          score: 0.0146314567,
          original_bbox: [ 96.2658844, 411.724396, 240.080704, 459.430328 ],
          rank: 113,
          mask_nonzero: 146,
          selected: false,
          filter_reason: 'below_score_threshold',
          handling_reason: null,
          mask_asset: null,
          clamped: false,
          crop_bbox: null,
          recognition_crop_bbox: null,
          crop_expansion_reason: null
        },
        {
          candidate_id: 95,
          mask_row: 95,
          class_id: 14,
          model_label: 'image',
          score: 0.0145173408,
          original_bbox: [ 76.7650986, 525.397644, 218.545639, 568.680847 ],
          rank: 120,
          mask_nonzero: 124,
          selected: false,
          filter_reason: 'below_score_threshold',
          handling_reason: null,
          mask_asset: null,
          clamped: false,
          crop_bbox: null,
          recognition_crop_bbox: null,
          crop_expansion_reason: null
        },
        {
          candidate_id: 96,
          mask_row: 96,
          class_id: 14,
          model_label: 'image',
          score: 0.0144372899,
          original_bbox: [ 518.660583, 955.498718, 648.288635, 1156.80945 ],
          rank: 252,
          mask_nonzero: 394,
          selected: false,
          filter_reason: 'below_score_threshold',
          handling_reason: null,
          mask_asset: null,
          clamped: false,
          crop_bbox: null,
          recognition_crop_bbox: null,
          crop_expansion_reason: null
        },
        {
          candidate_id: 97,
          mask_row: 97,
          class_id: 24,
          model_label: 'vision_footnote',
          score: 0.0144011406,
          original_bbox: [ 73.4572601, 197.438522, 575.458984, 236.287445 ],
          rank: 66,
          mask_nonzero: 366,
          selected: false,
          filter_reason: 'below_score_threshold',
          handling_reason: null,
          mask_asset: null,
          clamped: false,
          crop_bbox: null,
          recognition_crop_bbox: null,
          crop_expansion_reason: null
        },
        {
          candidate_id: 98,
          mask_row: 98,
          class_id: 23,
          model_label: 'text',
          score: 0.0142720127,
          original_bbox: [ 226.350952, 918.195374, 752.641541, 1180.68823 ],
          rank: 207,
          mask_nonzero: 2924,
          selected: false,
          filter_reason: 'below_score_threshold',
          handling_reason: null,
          mask_asset: null,
          clamped: false,
          crop_bbox: null,
          recognition_crop_bbox: null,
          crop_expansion_reason: null
        },
        {
          candidate_id: 99,
          mask_row: 99,
          class_id: 12,
          model_label: 'header',
          score: 0.0142018907,
          original_bbox: [ 73.4572601, 197.438522, 575.458984, 236.287445 ],
          rank: 66,
          mask_nonzero: 366,
          selected: false,
          filter_reason: 'below_score_threshold',
          handling_reason: null,
          mask_asset: null,
          clamped: false,
          crop_bbox: null,
          recognition_crop_bbox: null,
          crop_expansion_reason: null
        },
        ... 200 more items
      ]
    }
  },
  expected: {
    schema_version: '1.10',
    document_id: 'doc-4f2b77158e57c873',
    status: 'ok',
    export_policy: {
      policy: 'paddleocr-vl-1.5-labels-v1',
      markdown_ignore_labels: [
        'number',
        'footnote',
        'header',
        'header_image',
        'footer',
        'footer_image',
        'aside_text'
      ],
      show_formula_number: false
    },
    source: { type: 'image' },
    pages: [
      {
        page_id: 'p0001',
        page_index: 0,
        raster_size: [ 1000, 1380 ],
        coordinate_space: 'raster_page',
        status: 'ok',
        reading_order: [
          'b0001', 'b0002',
          'b0003', 'b0004',
          'b0005', 'b0006',
          'b0007', 'b0008',
          'b0009', 'b0010'
        ],
        reading_order_evidence: { source: 'model', reason: 'unique_rank' },
        structure_plan: {
          ambiguous_caption_ids: [],
          block_order: [
            'b0001', 'b0002',
            'b0003', 'b0004',
            'b0005', 'b0006',
            'b0007', 'b0008',
            'b0009', 'b0010'
          ],
          captions: [ [Object] ],
          groups: [],
          policy: 'image_structure_v2',
          recognition_order: [
            'r0001', 'r0002',
            'r0003', 'r0004',
            'r0005', 'r0006',
            'r0007', 'r0008',
            'r0010'
          ],
          region_order: [
            'r0001', 'r0002',
            'r0003', 'r0004',
            'r0005', 'r0006',
            'r0007', 'r0008',
            'r0009', 'r0010'
          ],
          stage: 'before_recognition'
        },
        layout_blocks: [
          {
            semantic_label: 'paragraph_title',
            id: 'l0001',
            page_id: 'p0001',
            label: 'text',
            bbox: [Array],
            coordinate_space: 'raster_page',
            detection_score: 0.896965206,
            candidate_rank: 14,
            original_class_id: 17,
            candidate_id: 1,
            mask_row: 1,
            mask_nonzero: 366,
            model_label: 'paragraph_title',
            original_bbox: [Array],
            clamped: false,
            provenance: [Object]
          },
          {
            semantic_label: 'text',
            id: 'l0002',
            page_id: 'p0001',
            label: 'text',
            bbox: [Array],
            coordinate_space: 'raster_page',
            detection_score: 0.87996006,
            candidate_rank: 30,
            original_class_id: 22,
            candidate_id: 4,
            mask_row: 4,
            mask_nonzero: 385,
            model_label: 'text',
            original_bbox: [Array],
            clamped: false,
            provenance: [Object]
          },
          {
            semantic_label: 'text',
            id: 'l0003',
            page_id: 'p0001',
            label: 'text',
            bbox: [Array],
            coordinate_space: 'raster_page',
            detection_score: 0.879453003,
            candidate_rank: 66,
            original_class_id: 22,
            candidate_id: 5,
            mask_row: 5,
            mask_nonzero: 366,
            model_label: 'text',
            original_bbox: [Array],
            clamped: false,
            provenance: [Object]
          },
          {
            semantic_label: 'text',
            id: 'l0004',
            page_id: 'p0001',
            label: 'text',
            bbox: [Array],
            coordinate_space: 'raster_page',
            detection_score: 0.872597694,
            candidate_rank: 76,
            original_class_id: 22,
            candidate_id: 6,
            mask_row: 6,
            mask_nonzero: 414,
            model_label: 'text',
            original_bbox: [Array],
            clamped: false,
            provenance: [Object]
          },
          {
            semantic_label: 'text',
            id: 'l0005',
            page_id: 'p0001',
            label: 'text',
            bbox: [Array],
            coordinate_space: 'raster_page',
            detection_score: 0.848574102,
            candidate_rank: 92,
            original_class_id: 22,
            candidate_id: 8,
            mask_row: 8,
            mask_nonzero: 132,
            model_label: 'text',
            original_bbox: [Array],
            clamped: false,
            provenance: [Object]
          },
          {
            semantic_label: 'display_formula',
            id: 'l0006',
            page_id: 'p0001',
            label: 'formula',
            bbox: [Array],
            coordinate_space: 'raster_page',
            detection_score: 0.89265883,
            candidate_rank: 113,
            original_class_id: 5,
            candidate_id: 2,
            mask_row: 2,
            mask_nonzero: 146,
            model_label: 'formula',
            original_bbox: [Array],
            clamped: false,
            provenance: [Object]
          },
          {
            semantic_label: 'text',
            id: 'l0007',
            page_id: 'p0001',
            label: 'text',
            bbox: [Array],
            coordinate_space: 'raster_page',
            detection_score: 0.802417576,
            candidate_rank: 120,
            original_class_id: 22,
            candidate_id: 9,
            mask_row: 9,
            mask_nonzero: 124,
            model_label: 'text',
            original_bbox: [Array],
            clamped: false,
            provenance: [Object]
          },
          {
            semantic_label: 'table',
            id: 'l0008',
            page_id: 'p0001',
            label: 'table',
            bbox: [Array],
            coordinate_space: 'raster_page',
            detection_score: 0.964540839,
            candidate_rank: 130,
            original_class_id: 21,
            candidate_id: 0,
            mask_row: 0,
            mask_nonzero: 3894,
            model_label: 'table',
            original_bbox: [Array],
            clamped: false,
            provenance: [Object]
          },
          {
            semantic_label: 'image',
            id: 'l0009',
            page_id: 'p0001',
            label: 'image',
            bbox: [Array],
            coordinate_space: 'raster_page',
            detection_score: 0.863382876,
            candidate_rank: 207,
            original_class_id: 14,
            candidate_id: 7,
            mask_row: 7,
            mask_nonzero: 2924,
            model_label: 'image',
            original_bbox: [Array],
            clamped: false,
            provenance: [Object]
          },
          {
            semantic_label: 'figure_title',
            id: 'l0010',
            page_id: 'p0001',
            label: 'text',
            bbox: [Array],
            coordinate_space: 'raster_page',
            detection_score: 0.88900286,
            candidate_rank: 265,
            original_class_id: 7,
            candidate_id: 3,
            mask_row: 3,
            mask_nonzero: 160,
            model_label: 'figure_title',
            original_bbox: [Array],
            clamped: false,
            provenance: [Object]
          }
        ],
        regions: [
          {
            id: 'r0001',
            page_id: 'p0001',
            source_layout_block_ids: [Array],
            bbox: [Array],
            coordinate_space: 'raster_page',
            recognition_type: 'text'
          },
          {
            id: 'r0002',
            page_id: 'p0001',
            source_layout_block_ids: [Array],
            bbox: [Array],
            coordinate_space: 'raster_page',
            recognition_type: 'text'
          },
          {
            id: 'r0003',
            page_id: 'p0001',
            source_layout_block_ids: [Array],
            bbox: [Array],
            coordinate_space: 'raster_page',
            recognition_type: 'text'
          },
          {
            id: 'r0004',
            page_id: 'p0001',
            source_layout_block_ids: [Array],
            bbox: [Array],
            coordinate_space: 'raster_page',
            recognition_type: 'text'
          },
          {
            id: 'r0005',
            page_id: 'p0001',
            source_layout_block_ids: [Array],
            bbox: [Array],
            coordinate_space: 'raster_page',
            recognition_type: 'text'
          },
          {
            id: 'r0006',
            page_id: 'p0001',
            source_layout_block_ids: [Array],
            bbox: [Array],
            coordinate_space: 'raster_page',
            recognition_type: 'formula'
          },
          {
            id: 'r0007',
            page_id: 'p0001',
            source_layout_block_ids: [Array],
            bbox: [Array],
            coordinate_space: 'raster_page',
            recognition_type: 'text'
          },
          {
            id: 'r0008',
            page_id: 'p0001',
            source_layout_block_ids: [Array],
            bbox: [Array],
            coordinate_space: 'raster_page',
            recognition_type: 'table'
          },
          {
            id: 'r0009',
            page_id: 'p0001',
            source_layout_block_ids: [Array],
            bbox: [Array],
            coordinate_space: 'raster_page',
            recognition_type: 'image'
          },
          {
            id: 'r0010',
            page_id: 'p0001',
            source_layout_block_ids: [Array],
            bbox: [Array],
            coordinate_space: 'raster_page',
            recognition_type: 'text'
          }
        ],
        blocks: [
          {
            block_order: 1,
            id: 'b0001',
            page_id: 'p0001',
            type: 'text',
            source_region_ids: [Array],
            bbox: [Array],
            coordinate_space: 'raster_page',
            geometry_granularity: 'region',
            reading_order_source: 'model',
            status: 'ok',
            confidence: null,
            content: [Object],
            provenance: [Object],
            error: null,
            error_base64: null
          },
          {
            block_order: 2,
            id: 'b0002',
            page_id: 'p0001',
            type: 'text',
            source_region_ids: [Array],
            bbox: [Array],
            coordinate_space: 'raster_page',
            geometry_granularity: 'region',
            reading_order_source: 'model',
            status: 'ok',
            confidence: null,
            content: [Object],
            provenance: [Object],
            error: null,
            error_base64: null
          },
          {
            block_order: 3,
            id: 'b0003',
            page_id: 'p0001',
            type: 'text',
            source_region_ids: [Array],
            bbox: [Array],
            coordinate_space: 'raster_page',
            geometry_granularity: 'region',
            reading_order_source: 'model',
            status: 'ok',
            confidence: null,
            content: [Object],
            provenance: [Object],
            error: null,
            error_base64: null
          },
          {
            block_order: 4,
            id: 'b0004',
            page_id: 'p0001',
            type: 'text',
            source_region_ids: [Array],
            bbox: [Array],
            coordinate_space: 'raster_page',
            geometry_granularity: 'region',
            reading_order_source: 'model',
            status: 'ok',
            confidence: null,
            content: [Object],
            provenance: [Object],
            error: null,
            error_base64: null
          },
          {
            block_order: 5,
            id: 'b0005',
            page_id: 'p0001',
            type: 'text',
            source_region_ids: [Array],
            bbox: [Array],
            coordinate_space: 'raster_page',
            geometry_granularity: 'region',
            reading_order_source: 'model',
            status: 'ok',
            confidence: null,
            content: [Object],
            provenance: [Object],
            error: null,
            error_base64: null
          },
          {
            block_order: 6,
            id: 'b0006',
            page_id: 'p0001',
            type: 'formula',
            source_region_ids: [Array],
            bbox: [Array],
            coordinate_space: 'raster_page',
            geometry_granularity: 'region',
            reading_order_source: 'model',
            status: 'ok',
            confidence: null,
            content: [Object],
            provenance: [Object],
            error: null,
            error_base64: null
          },
          {
            block_order: 7,
            id: 'b0007',
            page_id: 'p0001',
            type: 'text',
            source_region_ids: [Array],
            bbox: [Array],
            coordinate_space: 'raster_page',
            geometry_granularity: 'region',
            reading_order_source: 'model',
            status: 'ok',
            confidence: null,
            content: [Object],
            provenance: [Object],
            error: null,
            error_base64: null
          },
          {
            block_order: null,
            id: 'b0008',
            page_id: 'p0001',
            type: 'table',
            source_region_ids: [Array],
            bbox: [Array],
            coordinate_space: 'raster_page',
            geometry_granularity: 'region',
            reading_order_source: 'model',
            status: 'ok',
            confidence: null,
            content: [Object],
            provenance: [Object],
            error: null,
            error_base64: null
          },
          {
            block_order: null,
            id: 'b0009',
            page_id: 'p0001',
            type: 'image',
            source_region_ids: [Array],
            bbox: [Array],
            coordinate_space: 'raster_page',
            geometry_granularity: 'region',
            reading_order_source: 'model',
            status: 'ok',
            confidence: null,
            content: [Object],
            provenance: [Object],
            error: null,
            error_base64: null
          },
          {
            block_order: null,
            id: 'b0010',
            page_id: 'p0001',
            type: 'text',
            source_region_ids: [Array],
            bbox: [Array],
            coordinate_space: 'raster_page',
            geometry_granularity: 'region',
            reading_order_source: 'model',
            status: 'ok',
            confidence: null,
            content: [Object],
            provenance: [Object],
            error: null,
            error_base64: null
          }
        ],
        relations: [
          {
            type: 'heading_precedes',
            source_block_id: 'b0001',
            target_block_id: 'b0002',
            evidence: 'model_heading_and_geometry'
          },
          {
            type: 'caption_of',
            source_block_id: 'b0010',
            target_block_id: 'b0009',
            evidence: 'pre_recognition_geometry'
          }
        ]
      }
    ],
    resources: [
      {
        id: 'asset-b0001',
        path: 'assets/p0001-b0001.png',
        media_type: 'image/png',
        source_block_id: 'b0001',
        width: 359,
        height: 52,
        bbox: [ 76, 59, 435, 111 ],
        coordinate_space: 'raster_page'
      },
      {
        id: 'asset-b0002',
        path: 'assets/p0001-b0002.png',
        media_type: 'image/png',
        source_block_id: 'b0002',
        width: 445,
        height: 39,
        bbox: [ 72, 145, 517, 184 ],
        coordinate_space: 'raster_page'
      },
      {
        id: 'asset-b0003',
        path: 'assets/p0001-b0003.png',
        media_type: 'image/png',
        source_block_id: 'b0003',
        width: 503,
        height: 40,
        bbox: [ 73, 197, 576, 237 ],
        coordinate_space: 'raster_page'
      },
      {
        id: 'asset-b0004',
        path: 'assets/p0001-b0004.png',
        media_type: 'image/png',
        source_block_id: 'b0004',
        width: 474,
        height: 41,
        bbox: [ 73, 248, 547, 289 ],
        coordinate_space: 'raster_page'
      },
      {
        id: 'asset-b0005',
        path: 'assets/p0001-b0005.png',
        media_type: 'image/png',
        source_block_id: 'b0005',
        width: 146,
        height: 43,
        bbox: [ 75, 345, 221, 388 ],
        coordinate_space: 'raster_page'
      },
      {
        id: 'asset-b0006',
        path: 'assets/p0001-b0006.png',
        media_type: 'image/png',
        source_block_id: 'b0006',
        width: 145,
        height: 49,
        bbox: [ 96, 411, 241, 460 ],
        coordinate_space: 'raster_page'
      },
      {
        id: 'asset-b0007',
        path: 'assets/p0001-b0007.png',
        media_type: 'image/png',
        source_block_id: 'b0007',
        width: 143,
        height: 44,
        bbox: [ 76, 525, 219, 569 ],
        coordinate_space: 'raster_page'
      },
      {
        id: 'asset-b0008',
        path: 'assets/p0001-b0008.png',
        media_type: 'image/png',
        source_block_id: 'b0008',
        width: 843,
        height: 218,
        bbox: [ 78, 601, 921, 819 ],
        coordinate_space: 'raster_page'
      },
      {
        id: 'asset-b0009',
        path: 'assets/p0001-b0009.png',
        media_type: 'image/png',
        source_block_id: 'b0009',
        width: 527,
        height: 263,
        bbox: [ 226, 918, 753, 1181 ],
        coordinate_space: 'raster_page'
      },
      {
        id: 'asset-b0010',
        path: 'assets/p0001-b0010.png',
        media_type: 'image/png',
        source_block_id: 'b0010',
        width: 221,
        height: 33,
        bbox: [ 334, 1202, 555, 1235 ],
        coordinate_space: 'raster_page'
      }
    ],
    layout_diagnostics: {
      score_threshold: 0.3,
      candidate_count: 300,
      overlay_asset: 'assets/p0001-layout-overlay.png',
      raw_tensor_assets: {
        image: 'assets/p0001-image.f32',
        im_shape: 'assets/p0001-im_shape.f32',
        scale_factor: 'assets/p0001-scale_factor.f32',
        fetch_name_0: 'assets/p0001-fetch_name_0.f32',
        fetch_name_1: 'assets/p0001-fetch_name_1.i32',
        fetch_name_2: 'assets/p0001-fetch_name_2.rle'
      },
      input_transform: {
        mode: 'smartresize_800',
        resample: 'lanczos',
        source_size: [ 1000, 1380 ],
        canvas_size: [ 800, 800 ],
        content_size: [ 580, 800 ],
        pad_offset: [ 110, 0 ],
        canvas_to_page_affine: [
          1.7241379310344829,
          0,
          -189.6551724137931,
          0,
          1.7249999999999999,
          0
        ]
      },
      candidates: [
        {
          candidate_id: 0,
          mask_row: 0,
          class_id: 21,
          model_label: 'table',
          score: 0.964540839,
          original_bbox: [ 78.8073044, 601.324768, 920.551575, 818.082703 ],
          rank: 130,
          mask_nonzero: 3894,
          selected: true,
          filter_reason: null,
          handling_reason: null,
          mask_asset: 'assets/p0001-mask-c0.png',
          clamped: false,
          crop_bbox: [ 78, 601, 921, 819 ],
          recognition_crop_bbox: null,
          crop_expansion_reason: null
        },
        {
          candidate_id: 1,
          mask_row: 1,
          class_id: 17,
          model_label: 'paragraph_title',
          score: 0.896965206,
          original_bbox: [ 76.4745255, 59.6407852, 434.833038, 110.399277 ],
          rank: 14,
          mask_nonzero: 366,
          selected: true,
          filter_reason: null,
          handling_reason: null,
          mask_asset: 'assets/p0001-mask-c1.png',
          clamped: false,
          crop_bbox: [ 76, 59, 435, 111 ],
          recognition_crop_bbox: null,
          crop_expansion_reason: null
        },
        {
          candidate_id: 2,
          mask_row: 2,
          class_id: 5,
          model_label: 'formula',
          score: 0.89265883,
          original_bbox: [ 96.2658844, 411.724396, 240.080704, 459.430328 ],
          rank: 113,
          mask_nonzero: 146,
          selected: true,
          filter_reason: null,
          handling_reason: null,
          mask_asset: 'assets/p0001-mask-c2.png',
          clamped: false,
          crop_bbox: [ 96, 411, 241, 460 ],
          recognition_crop_bbox: null,
          crop_expansion_reason: null
        },
        {
          candidate_id: 3,
          mask_row: 3,
          class_id: 7,
          model_label: 'figure_title',
          score: 0.88900286,
          original_bbox: [ 334.037415, 1202.92834, 554.82666, 1234.96472 ],
          rank: 265,
          mask_nonzero: 160,
          selected: true,
          filter_reason: null,
          handling_reason: null,
          mask_asset: 'assets/p0001-mask-c3.png',
          clamped: false,
          crop_bbox: [ 334, 1202, 555, 1235 ],
          recognition_crop_bbox: null,
          crop_expansion_reason: null
        },
        {
          candidate_id: 4,
          mask_row: 4,
          class_id: 22,
          model_label: 'text',
          score: 0.87996006,
          original_bbox: [ 72.8101807, 145.014938, 516.062378, 183.624237 ],
          rank: 30,
          mask_nonzero: 385,
          selected: true,
          filter_reason: null,
          handling_reason: null,
          mask_asset: 'assets/p0001-mask-c4.png',
          clamped: false,
          crop_bbox: [ 72, 145, 517, 184 ],
          recognition_crop_bbox: null,
          crop_expansion_reason: null
        },
        {
          candidate_id: 5,
          mask_row: 5,
          class_id: 22,
          model_label: 'text',
          score: 0.879453003,
          original_bbox: [ 73.4572601, 197.438522, 575.458984, 236.287445 ],
          rank: 66,
          mask_nonzero: 366,
          selected: true,
          filter_reason: null,
          handling_reason: null,
          mask_asset: 'assets/p0001-mask-c5.png',
          clamped: false,
          crop_bbox: [ 73, 197, 576, 237 ],
          recognition_crop_bbox: null,
          crop_expansion_reason: null
        },
        {
          candidate_id: 6,
          mask_row: 6,
          class_id: 22,
          model_label: 'text',
          score: 0.872597694,
          original_bbox: [ 73.2585526, 248.933029, 546.208435, 288.072113 ],
          rank: 76,
          mask_nonzero: 414,
          selected: true,
          filter_reason: null,
          handling_reason: null,
          mask_asset: 'assets/p0001-mask-c6.png',
          clamped: false,
          crop_bbox: [ 73, 248, 547, 289 ],
          recognition_crop_bbox: null,
          crop_expansion_reason: null
        },
        {
          candidate_id: 7,
          mask_row: 7,
          class_id: 14,
          model_label: 'image',
          score: 0.863382876,
          original_bbox: [ 226.350952, 918.195374, 752.641541, 1180.68823 ],
          rank: 207,
          mask_nonzero: 2924,
          selected: true,
          filter_reason: null,
          handling_reason: null,
          mask_asset: 'assets/p0001-mask-c7.png',
          clamped: false,
          crop_bbox: [ 226, 918, 753, 1181 ],
          recognition_crop_bbox: null,
          crop_expansion_reason: null
        },
        {
          candidate_id: 8,
          mask_row: 8,
          class_id: 22,
          model_label: 'text',
          score: 0.848574102,
          original_bbox: [ 75.6731262, 345.267731, 220.933243, 387.809967 ],
          rank: 92,
          mask_nonzero: 132,
          selected: true,
          filter_reason: null,
          handling_reason: null,
          mask_asset: 'assets/p0001-mask-c8.png',
          clamped: false,
          crop_bbox: [ 75, 345, 221, 388 ],
          recognition_crop_bbox: null,
          crop_expansion_reason: null
        },
        {
          candidate_id: 9,
          mask_row: 9,
          class_id: 22,
          model_label: 'text',
          score: 0.802417576,
          original_bbox: [ 76.7650986, 525.397644, 218.545639, 568.680847 ],
          rank: 120,
          mask_nonzero: 124,
          selected: true,
          filter_reason: null,
          handling_reason: null,
          mask_asset: 'assets/p0001-mask-c9.png',
          clamped: false,
          crop_bbox: [ 76, 525, 219, 569 ],
          recognition_crop_bbox: null,
          crop_expansion_reason: null
        },
        {
          candidate_id: 10,
          mask_row: 10,
          class_id: 3,
          model_label: 'chart',
          score: 0.266424567,
          original_bbox: [ 226.350952, 918.195374, 752.641541, 1180.68823 ],
          rank: 207,
          mask_nonzero: 2924,
          selected: false,
          filter_reason: 'below_score_threshold',
          handling_reason: null,
          mask_asset: null,
          clamped: false,
          crop_bbox: null,
          recognition_crop_bbox: null,
          crop_expansion_reason: null
        },
        {
          candidate_id: 11,
          mask_row: 11,
          class_id: 14,
          model_label: 'image',
          score: 0.157257915,
          original_bbox: [ 226.972916, 922.073242, 462.845581, 1176.91687 ],
          rank: 201,
          mask_nonzero: 1208,
          selected: false,
          filter_reason: 'below_score_threshold',
          handling_reason: null,
          mask_asset: null,
          clamped: false,
          crop_bbox: null,
          recognition_crop_bbox: null,
          crop_expansion_reason: null
        },
        {
          candidate_id: 12,
          mask_row: 12,
          class_id: 14,
          model_label: 'image',
          score: 0.140303552,
          original_bbox: [ 498.849701, 924.473267, 753.740173, 1179.90039 ],
          rank: 254,
          mask_nonzero: 1236,
          selected: false,
          filter_reason: 'below_score_threshold',
          handling_reason: null,
          mask_asset: null,
          clamped: false,
          crop_bbox: null,
          recognition_crop_bbox: null,
          crop_expansion_reason: null
        },
        {
          candidate_id: 13,
          mask_row: 13,
          class_id: 7,
          model_label: 'figure_title',
          score: 0.115469269,
          original_bbox: [ 76.7650986, 525.397644, 218.545639, 568.680847 ],
          rank: 120,
          mask_nonzero: 124,
          selected: false,
          filter_reason: 'below_score_threshold',
          handling_reason: null,
          mask_asset: null,
          clamped: false,
          crop_bbox: null,
          recognition_crop_bbox: null,
          crop_expansion_reason: null
        },
        {
          candidate_id: 14,
          mask_row: 14,
          class_id: 17,
          model_label: 'paragraph_title',
          score: 0.106963784,
          original_bbox: [ 76.7650986, 525.397644, 218.545639, 568.680847 ],
          rank: 120,
          mask_nonzero: 124,
          selected: false,
          filter_reason: 'below_score_threshold',
          handling_reason: null,
          mask_asset: null,
          clamped: false,
          crop_bbox: null,
          recognition_crop_bbox: null,
          crop_expansion_reason: null
        },
        {
          candidate_id: 15,
          mask_row: 15,
          class_id: 3,
          model_label: 'chart',
          score: 0.0831962451,
          original_bbox: [ 226.972916, 922.073242, 462.845581, 1176.91687 ],
          rank: 201,
          mask_nonzero: 1208,
          selected: false,
          filter_reason: 'below_score_threshold',
          handling_reason: null,
          mask_asset: null,
          clamped: false,
          crop_bbox: null,
          recognition_crop_bbox: null,
          crop_expansion_reason: null
        },
        {
          candidate_id: 16,
          mask_row: 16,
          class_id: 22,
          model_label: 'text',
          score: 0.0695158169,
          original_bbox: [ 76.4745255, 59.6407852, 434.833038, 110.399277 ],
          rank: 14,
          mask_nonzero: 366,
          selected: false,
          filter_reason: 'below_score_threshold',
          handling_reason: null,
          mask_asset: null,
          clamped: false,
          crop_bbox: null,
          recognition_crop_bbox: null,
          crop_expansion_reason: null
        },
        {
          candidate_id: 17,
          mask_row: 17,
          class_id: 24,
          model_label: 'vision_footnote',
          score: 0.0644646212,
          original_bbox: [ 76.7650986, 525.397644, 218.545639, 568.680847 ],
          rank: 120,
          mask_nonzero: 124,
          selected: false,
          filter_reason: 'below_score_threshold',
          handling_reason: null,
          mask_asset: null,
          clamped: false,
          crop_bbox: null,
          recognition_crop_bbox: null,
          crop_expansion_reason: null
        },
        {
          candidate_id: 18,
          mask_row: 18,
          class_id: 12,
          model_label: 'header',
          score: 0.0554122515,
          original_bbox: [ 76.4745255, 59.6407852, 434.833038, 110.399277 ],
          rank: 14,
          mask_nonzero: 366,
          selected: false,
          filter_reason: 'below_score_threshold',
          handling_reason: null,
          mask_asset: null,
          clamped: false,
          crop_bbox: null,
          recognition_crop_bbox: null,
          crop_expansion_reason: null
        },
        {
          candidate_id: 19,
          mask_row: 19,
          class_id: 6,
          model_label: 'doc_title',
          score: 0.0483664572,
          original_bbox: [ 76.4745255, 59.6407852, 434.833038, 110.399277 ],
          rank: 14,
          mask_nonzero: 366,
          selected: false,
          filter_reason: 'below_score_threshold',
          handling_reason: null,
          mask_asset: null,
          clamped: false,
          crop_bbox: null,
          recognition_crop_bbox: null,
          crop_expansion_reason: null
        },
        {
          candidate_id: 20,
          mask_row: 20,
          class_id: 22,
          model_label: 'text',
          score: 0.0475665666,
          original_bbox: [ 226.350952, 918.195374, 752.641541, 1180.68823 ],
          rank: 207,
          mask_nonzero: 2924,
          selected: false,
          filter_reason: 'below_score_threshold',
          handling_reason: null,
          mask_asset: null,
          clamped: false,
          crop_bbox: null,
          recognition_crop_bbox: null,
          crop_expansion_reason: null
        },
        {
          candidate_id: 21,
          mask_row: 21,
          class_id: 3,
          model_label: 'chart',
          score: 0.0470791012,
          original_bbox: [ 498.849701, 924.473267, 753.740173, 1179.90039 ],
          rank: 254,
          mask_nonzero: 1236,
          selected: false,
          filter_reason: 'below_score_threshold',
          handling_reason: null,
          mask_asset: null,
          clamped: false,
          crop_bbox: null,
          recognition_crop_bbox: null,
          crop_expansion_reason: null
        },
        {
          candidate_id: 22,
          mask_row: 22,
          class_id: 24,
          model_label: 'vision_footnote',
          score: 0.0450220928,
          original_bbox: [ 334.037415, 1202.92834, 554.82666, 1234.96472 ],
          rank: 265,
          mask_nonzero: 160,
          selected: false,
          filter_reason: 'below_score_threshold',
          handling_reason: null,
          mask_asset: null,
          clamped: false,
          crop_bbox: null,
          recognition_crop_bbox: null,
          crop_expansion_reason: null
        },
        {
          candidate_id: 23,
          mask_row: 23,
          class_id: 15,
          model_label: 'formula',
          score: 0.0448729694,
          original_bbox: [ 96.2658844, 411.724396, 240.080704, 459.430328 ],
          rank: 113,
          mask_nonzero: 146,
          selected: false,
          filter_reason: 'below_score_threshold',
          handling_reason: null,
          mask_asset: null,
          clamped: false,
          crop_bbox: null,
          recognition_crop_bbox: null,
          crop_expansion_reason: null
        },
        {
          candidate_id: 24,
          mask_row: 24,
          class_id: 22,
          model_label: 'text',
          score: 0.0422667563,
          original_bbox: [ 96.2658844, 411.724396, 240.080704, 459.430328 ],
          rank: 113,
          mask_nonzero: 146,
          selected: false,
          filter_reason: 'below_score_threshold',
          handling_reason: null,
          mask_asset: null,
          clamped: false,
          crop_bbox: null,
          recognition_crop_bbox: null,
          crop_expansion_reason: null
        },
        {
          candidate_id: 25,
          mask_row: 25,
          class_id: 21,
          model_label: 'table',
          score: 0.0369687825,
          original_bbox: [ 226.350952, 918.195374, 752.641541, 1180.68823 ],
          rank: 207,
          mask_nonzero: 2924,
          selected: false,
          filter_reason: 'below_score_threshold',
          handling_reason: null,
          mask_asset: null,
          clamped: false,
          crop_bbox: null,
          recognition_crop_bbox: null,
          crop_expansion_reason: null
        },
        {
          candidate_id: 26,
          mask_row: 26,
          class_id: 14,
          model_label: 'image',
          score: 0.036233604,
          original_bbox: [ 492.293213, 935.414185, 738.885803, 1175.09912 ],
          rank: 249,
          mask_nonzero: 1057,
          selected: false,
          filter_reason: 'below_score_threshold',
          handling_reason: null,
          mask_asset: null,
          clamped: false,
          crop_bbox: null,
          recognition_crop_bbox: null,
          crop_expansion_reason: null
        },
        {
          candidate_id: 27,
          mask_row: 27,
          class_id: 22,
          model_label: 'text',
          score: 0.0359971002,
          original_bbox: [ 334.037415, 1202.92834, 554.82666, 1234.96472 ],
          rank: 265,
          mask_nonzero: 160,
          selected: false,
          filter_reason: 'below_score_threshold',
          handling_reason: null,
          mask_asset: null,
          clamped: false,
          crop_bbox: null,
          recognition_crop_bbox: null,
          crop_expansion_reason: null
        },
        {
          candidate_id: 28,
          mask_row: 28,
          class_id: 17,
          model_label: 'paragraph_title',
          score: 0.0334522389,
          original_bbox: [ 75.6731262, 345.267731, 220.933243, 387.809967 ],
          rank: 92,
          mask_nonzero: 132,
          selected: false,
          filter_reason: 'below_score_threshold',
          handling_reason: null,
          mask_asset: null,
          clamped: false,
          crop_bbox: null,
          recognition_crop_bbox: null,
          crop_expansion_reason: null
        },
        {
          candidate_id: 29,
          mask_row: 29,
          class_id: 15,
          model_label: 'formula',
          score: 0.0318130739,
          original_bbox: [ 76.4745255, 59.6407852, 434.833038, 110.399277 ],
          rank: 14,
          mask_nonzero: 366,
          selected: false,
          filter_reason: 'below_score_threshold',
          handling_reason: null,
          mask_asset: null,
          clamped: false,
          crop_bbox: null,
          recognition_crop_bbox: null,
          crop_expansion_reason: null
        },
        {
          candidate_id: 30,
          mask_row: 30,
          class_id: 3,
          model_label: 'chart',
          score: 0.0310521144,
          original_bbox: [ 334.037415, 1202.92834, 554.82666, 1234.96472 ],
          rank: 265,
          mask_nonzero: 160,
          selected: false,
          filter_reason: 'below_score_threshold',
          handling_reason: null,
          mask_asset: null,
          clamped: false,
          crop_bbox: null,
          recognition_crop_bbox: null,
          crop_expansion_reason: null
        },
        {
          candidate_id: 31,
          mask_row: 31,
          class_id: 15,
          model_label: 'formula',
          score: 0.0283095874,
          original_bbox: [ 226.350952, 918.195374, 752.641541, 1180.68823 ],
          rank: 207,
          mask_nonzero: 2924,
          selected: false,
          filter_reason: 'below_score_threshold',
          handling_reason: null,
          mask_asset: null,
          clamped: false,
          crop_bbox: null,
          recognition_crop_bbox: null,
          crop_expansion_reason: null
        },
        {
          candidate_id: 32,
          mask_row: 32,
          class_id: 14,
          model_label: 'image',
          score: 0.0271307919,
          original_bbox: [ 96.2658844, 411.724396, 240.080704, 459.430328 ],
          rank: 113,
          mask_nonzero: 146,
          selected: false,
          filter_reason: 'below_score_threshold',
          handling_reason: null,
          mask_asset: null,
          clamped: false,
          crop_bbox: null,
          recognition_crop_bbox: null,
          crop_expansion_reason: null
        },
        {
          candidate_id: 33,
          mask_row: 33,
          class_id: 20,
          model_label: 'seal',
          score: 0.0269616414,
          original_bbox: [ 226.350952, 918.195374, 752.641541, 1180.68823 ],
          rank: 207,
          mask_nonzero: 2924,
          selected: false,
          filter_reason: 'below_score_threshold',
          handling_reason: null,
          mask_asset: null,
          clamped: false,
          crop_bbox: null,
          recognition_crop_bbox: null,
          crop_expansion_reason: null
        },
        {
          candidate_id: 34,
          mask_row: 34,
          class_id: 22,
          model_label: 'text',
          score: 0.0261250213,
          original_bbox: [ 78.8073044, 601.324768, 920.551575, 818.082703 ],
          rank: 130,
          mask_nonzero: 3894,
          selected: false,
          filter_reason: 'below_score_threshold',
          handling_reason: null,
          mask_asset: null,
          clamped: false,
          crop_bbox: null,
          recognition_crop_bbox: null,
          crop_expansion_reason: null
        },
        {
          candidate_id: 35,
          mask_row: 35,
          class_id: 7,
          model_label: 'figure_title',
          score: 0.0259878542,
          original_bbox: [ 75.6731262, 345.267731, 220.933243, 387.809967 ],
          rank: 92,
          mask_nonzero: 132,
          selected: false,
          filter_reason: 'below_score_threshold',
          handling_reason: null,
          mask_asset: null,
          clamped: false,
          crop_bbox: null,
          recognition_crop_bbox: null,
          crop_expansion_reason: null
        },
        {
          candidate_id: 36,
          mask_row: 36,
          class_id: 7,
          model_label: 'figure_title',
          score: 0.0258941762,
          original_bbox: [ 226.350952, 918.195374, 752.641541, 1180.68823 ],
          rank: 207,
          mask_nonzero: 2924,
          selected: false,
          filter_reason: 'below_score_threshold',
          handling_reason: null,
          mask_asset: null,
          clamped: false,
          crop_bbox: null,
          recognition_crop_bbox: null,
          crop_expansion_reason: null
        },
        {
          candidate_id: 37,
          mask_row: 37,
          class_id: 6,
          model_label: 'doc_title',
          score: 0.0255224127,
          original_bbox: [ 226.350952, 918.195374, 752.641541, 1180.68823 ],
          rank: 207,
          mask_nonzero: 2924,
          selected: false,
          filter_reason: 'below_score_threshold',
          handling_reason: null,
          mask_asset: null,
          clamped: false,
          crop_bbox: null,
          recognition_crop_bbox: null,
          crop_expansion_reason: null
        },
        {
          candidate_id: 38,
          mask_row: 38,
          class_id: 24,
          model_label: 'vision_footnote',
          score: 0.025323147,
          original_bbox: [ 226.350952, 918.195374, 752.641541, 1180.68823 ],
          rank: 207,
          mask_nonzero: 2924,
          selected: false,
          filter_reason: 'below_score_threshold',
          handling_reason: null,
          mask_asset: null,
          clamped: false,
          crop_bbox: null,
          recognition_crop_bbox: null,
          crop_expansion_reason: null
        },
        {
          candidate_id: 39,
          mask_row: 39,
          class_id: 15,
          model_label: 'formula',
          score: 0.0252831541,
          original_bbox: [ 76.7650986, 525.397644, 218.545639, 568.680847 ],
          rank: 120,
          mask_nonzero: 124,
          selected: false,
          filter_reason: 'below_score_threshold',
          handling_reason: null,
          mask_asset: null,
          clamped: false,
          crop_bbox: null,
          recognition_crop_bbox: null,
          crop_expansion_reason: null
        },
        {
          candidate_id: 40,
          mask_row: 40,
          class_id: 5,
          model_label: 'formula',
          score: 0.0250549763,
          original_bbox: [ 226.350952, 918.195374, 752.641541, 1180.68823 ],
          rank: 207,
          mask_nonzero: 2924,
          selected: false,
          filter_reason: 'below_score_threshold',
          handling_reason: null,
          mask_asset: null,
          clamped: false,
          crop_bbox: null,
          recognition_crop_bbox: null,
          crop_expansion_reason: null
        },
        {
          candidate_id: 41,
          mask_row: 41,
          class_id: 24,
          model_label: 'vision_footnote',
          score: 0.02453091,
          original_bbox: [ 75.6731262, 345.267731, 220.933243, 387.809967 ],
          rank: 92,
          mask_nonzero: 132,
          selected: false,
          filter_reason: 'below_score_threshold',
          handling_reason: null,
          mask_asset: null,
          clamped: false,
          crop_bbox: null,
          recognition_crop_bbox: null,
          crop_expansion_reason: null
        },
        {
          candidate_id: 42,
          mask_row: 42,
          class_id: 15,
          model_label: 'formula',
          score: 0.0244617425,
          original_bbox: [ 75.6731262, 345.267731, 220.933243, 387.809967 ],
          rank: 92,
          mask_nonzero: 132,
          selected: false,
          filter_reason: 'below_score_threshold',
          handling_reason: null,
          mask_asset: null,
          clamped: false,
          crop_bbox: null,
          recognition_crop_bbox: null,
          crop_expansion_reason: null
        },
        {
          candidate_id: 43,
          mask_row: 43,
          class_id: 14,
          model_label: 'image',
          score: 0.023211021,
          original_bbox: [ 334.037415, 1202.92834, 554.82666, 1234.96472 ],
          rank: 265,
          mask_nonzero: 160,
          selected: false,
          filter_reason: 'below_score_threshold',
          handling_reason: null,
          mask_asset: null,
          clamped: false,
          crop_bbox: null,
          recognition_crop_bbox: null,
          crop_expansion_reason: null
        },
        {
          candidate_id: 44,
          mask_row: 44,
          class_id: 22,
          model_label: 'text',
          score: 0.023091225,
          original_bbox: [ 75.1196747, 525.402283, 219.001511, 568.614685 ],
          rank: 122,
          mask_nonzero: 120,
          selected: false,
          filter_reason: 'below_score_threshold',
          handling_reason: null,
          mask_asset: null,
          clamped: false,
          crop_bbox: null,
          recognition_crop_bbox: null,
          crop_expansion_reason: null
        },
        {
          candidate_id: 45,
          mask_row: 45,
          class_id: 17,
          model_label: 'paragraph_title',
          score: 0.0226650462,
          original_bbox: [ 334.037415, 1202.92834, 554.82666, 1234.96472 ],
          rank: 265,
          mask_nonzero: 160,
          selected: false,
          filter_reason: 'below_score_threshold',
          handling_reason: null,
          mask_asset: null,
          clamped: false,
          crop_bbox: null,
          recognition_crop_bbox: null,
          crop_expansion_reason: null
        },
        {
          candidate_id: 46,
          mask_row: 46,
          class_id: 22,
          model_label: 'text',
          score: 0.022656342,
          original_bbox: [ 498.849701, 924.473267, 753.740173, 1179.90039 ],
          rank: 254,
          mask_nonzero: 1236,
          selected: false,
          filter_reason: 'below_score_threshold',
          handling_reason: null,
          mask_asset: null,
          clamped: false,
          crop_bbox: null,
          recognition_crop_bbox: null,
          crop_expansion_reason: null
        },
        {
          candidate_id: 47,
          mask_row: 47,
          class_id: 14,
          model_label: 'image',
          score: 0.0224930104,
          original_bbox: [ 76.4745255, 59.6407852, 434.833038, 110.399277 ],
          rank: 14,
          mask_nonzero: 366,
          selected: false,
          filter_reason: 'below_score_threshold',
          handling_reason: null,
          mask_asset: null,
          clamped: false,
          crop_bbox: null,
          recognition_crop_bbox: null,
          crop_expansion_reason: null
        },
        {
          candidate_id: 48,
          mask_row: 48,
          class_id: 5,
          model_label: 'formula',
          score: 0.0224555768,
          original_bbox: [ 76.7650986, 525.397644, 218.545639, 568.680847 ],
          rank: 120,
          mask_nonzero: 124,
          selected: false,
          filter_reason: 'below_score_threshold',
          handling_reason: null,
          mask_asset: null,
          clamped: false,
          crop_bbox: null,
          recognition_crop_bbox: null,
          crop_expansion_reason: null
        },
        {
          candidate_id: 49,
          mask_row: 49,
          class_id: 15,
          model_label: 'formula',
          score: 0.0222378559,
          original_bbox: [ 78.8073044, 601.324768, 920.551575, 818.082703 ],
          rank: 130,
          mask_nonzero: 3894,
          selected: false,
          filter_reason: 'below_score_threshold',
          handling_reason: null,
          mask_asset: null,
          clamped: false,
          crop_bbox: null,
          recognition_crop_bbox: null,
          crop_expansion_reason: null
        },
        {
          candidate_id: 50,
          mask_row: 50,
          class_id: 15,
          model_label: 'formula',
          score: 0.0215011612,
          original_bbox: [ 498.849701, 924.473267, 753.740173, 1179.90039 ],
          rank: 254,
          mask_nonzero: 1236,
          selected: false,
          filter_reason: 'below_score_threshold',
          handling_reason: null,
          mask_asset: null,
          clamped: false,
          crop_bbox: null,
          recognition_crop_bbox: null,
          crop_expansion_reason: null
        },
        {
          candidate_id: 51,
          mask_row: 51,
          class_id: 5,
          model_label: 'formula',
          score: 0.0206357446,
          original_bbox: [ 76.4745255, 59.6407852, 434.833038, 110.399277 ],
          rank: 14,
          mask_nonzero: 366,
          selected: false,
          filter_reason: 'below_score_threshold',
          handling_reason: null,
          mask_asset: null,
          clamped: false,
          crop_bbox: null,
          recognition_crop_bbox: null,
          crop_expansion_reason: null
        },
        {
          candidate_id: 52,
          mask_row: 52,
          class_id: 15,
          model_label: 'formula',
          score: 0.0202684272,
          original_bbox: [ 334.037415, 1202.92834, 554.82666, 1234.96472 ],
          rank: 265,
          mask_nonzero: 160,
          selected: false,
          filter_reason: 'below_score_threshold',
          handling_reason: null,
          mask_asset: null,
          clamped: false,
          crop_bbox: null,
          recognition_crop_bbox: null,
          crop_expansion_reason: null
        },
        {
          candidate_id: 53,
          mask_row: 53,
          class_id: 5,
          model_label: 'formula',
          score: 0.0202515349,
          original_bbox: [ 75.6731262, 345.267731, 220.933243, 387.809967 ],
          rank: 92,
          mask_nonzero: 132,
          selected: false,
          filter_reason: 'below_score_threshold',
          handling_reason: null,
          mask_asset: null,
          clamped: false,
          crop_bbox: null,
          recognition_crop_bbox: null,
          crop_expansion_reason: null
        },
        {
          candidate_id: 54,
          mask_row: 54,
          class_id: 24,
          model_label: 'vision_footnote',
          score: 0.019871667,
          original_bbox: [ 226.972916, 922.073242, 462.845581, 1176.91687 ],
          rank: 201,
          mask_nonzero: 1208,
          selected: false,
          filter_reason: 'below_score_threshold',
          handling_reason: null,
          mask_asset: null,
          clamped: false,
          crop_bbox: null,
          recognition_crop_bbox: null,
          crop_expansion_reason: null
        },
        {
          candidate_id: 55,
          mask_row: 55,
          class_id: 22,
          model_label: 'text',
          score: 0.0198381189,
          original_bbox: [ 226.972916, 922.073242, 462.845581, 1176.91687 ],
          rank: 201,
          mask_nonzero: 1208,
          selected: false,
          filter_reason: 'below_score_threshold',
          handling_reason: null,
          mask_asset: null,
          clamped: false,
          crop_bbox: null,
          recognition_crop_bbox: null,
          crop_expansion_reason: null
        },
        {
          candidate_id: 56,
          mask_row: 56,
          class_id: 14,
          model_label: 'image',
          score: 0.0196515322,
          original_bbox: [ 516.670776, 951.327515, 643.041504, 1161.08508 ],
          rank: 250,
          mask_nonzero: 568,
          selected: false,
          filter_reason: 'below_score_threshold',
          handling_reason: null,
          mask_asset: null,
          clamped: false,
          crop_bbox: null,
          recognition_crop_bbox: null,
          crop_expansion_reason: null
        },
        {
          candidate_id: 57,
          mask_row: 57,
          class_id: 22,
          model_label: 'text',
          score: 0.0194759686,
          original_bbox: [ 77.1436768, 525.530457, 217.439117, 567.578247 ],
          rank: 121,
          mask_nonzero: 120,
          selected: false,
          filter_reason: 'below_score_threshold',
          handling_reason: null,
          mask_asset: null,
          clamped: false,
          crop_bbox: null,
          recognition_crop_bbox: null,
          crop_expansion_reason: null
        },
        {
          candidate_id: 58,
          mask_row: 58,
          class_id: 15,
          model_label: 'formula',
          score: 0.0193719938,
          original_bbox: [ 226.972916, 922.073242, 462.845581, 1176.91687 ],
          rank: 201,
          mask_nonzero: 1208,
          selected: false,
          filter_reason: 'below_score_threshold',
          handling_reason: null,
          mask_asset: null,
          clamped: false,
          crop_bbox: null,
          recognition_crop_bbox: null,
          crop_expansion_reason: null
        },
        {
          candidate_id: 59,
          mask_row: 59,
          class_id: 21,
          model_label: 'table',
          score: 0.0185016375,
          original_bbox: [ 498.849701, 924.473267, 753.740173, 1179.90039 ],
          rank: 254,
          mask_nonzero: 1236,
          selected: false,
          filter_reason: 'below_score_threshold',
          handling_reason: null,
          mask_asset: null,
          clamped: false,
          crop_bbox: null,
          recognition_crop_bbox: null,
          crop_expansion_reason: null
        },
        {
          candidate_id: 60,
          mask_row: 60,
          class_id: 24,
          model_label: 'vision_footnote',
          score: 0.018282637,
          original_bbox: [ 76.4745255, 59.6407852, 434.833038, 110.399277 ],
          rank: 14,
          mask_nonzero: 366,
          selected: false,
          filter_reason: 'below_score_threshold',
          handling_reason: null,
          mask_asset: null,
          clamped: false,
          crop_bbox: null,
          recognition_crop_bbox: null,
          crop_expansion_reason: null
        },
        {
          candidate_id: 61,
          mask_row: 61,
          class_id: 13,
          model_label: 'header',
          score: 0.0180437453,
          original_bbox: [ 76.4745255, 59.6407852, 434.833038, 110.399277 ],
          rank: 14,
          mask_nonzero: 366,
          selected: false,
          filter_reason: 'below_score_threshold',
          handling_reason: null,
          mask_asset: null,
          clamped: false,
          crop_bbox: null,
          recognition_crop_bbox: null,
          crop_expansion_reason: null
        },
        {
          candidate_id: 62,
          mask_row: 62,
          class_id: 22,
          model_label: 'text',
          score: 0.0180276353,
          original_bbox: [ 75.2944412, 345.689392, 220.108841, 387.67746 ],
          rank: 95,
          mask_nonzero: 129,
          selected: false,
          filter_reason: 'below_score_threshold',
          handling_reason: null,
          mask_asset: null,
          clamped: false,
          crop_bbox: null,
          recognition_crop_bbox: null,
          crop_expansion_reason: null
        },
        {
          candidate_id: 63,
          mask_row: 63,
          class_id: 1,
          model_label: 'algorithm',
          score: 0.0180039946,
          original_bbox: [ 96.2658844, 411.724396, 240.080704, 459.430328 ],
          rank: 113,
          mask_nonzero: 146,
          selected: false,
          filter_reason: 'below_score_threshold',
          handling_reason: null,
          mask_asset: null,
          clamped: false,
          crop_bbox: null,
          recognition_crop_bbox: null,
          crop_expansion_reason: null
        },
        {
          candidate_id: 64,
          mask_row: 64,
          class_id: 15,
          model_label: 'formula',
          score: 0.0177789889,
          original_bbox: [ 73.4572601, 197.438522, 575.458984, 236.287445 ],
          rank: 66,
          mask_nonzero: 366,
          selected: false,
          filter_reason: 'below_score_threshold',
          handling_reason: null,
          mask_asset: null,
          clamped: false,
          crop_bbox: null,
          recognition_crop_bbox: null,
          crop_expansion_reason: null
        },
        {
          candidate_id: 65,
          mask_row: 65,
          class_id: 7,
          model_label: 'figure_title',
          score: 0.0177629348,
          original_bbox: [ 76.4745255, 59.6407852, 434.833038, 110.399277 ],
          rank: 14,
          mask_nonzero: 366,
          selected: false,
          filter_reason: 'below_score_threshold',
          handling_reason: null,
          mask_asset: null,
          clamped: false,
          crop_bbox: null,
          recognition_crop_bbox: null,
          crop_expansion_reason: null
        },
        {
          candidate_id: 66,
          mask_row: 66,
          class_id: 17,
          model_label: 'paragraph_title',
          score: 0.01772191,
          original_bbox: [ 76.7689438, 59.9701309, 434.630096, 108.137344 ],
          rank: 16,
          mask_nonzero: 371,
          selected: false,
          filter_reason: 'below_score_threshold',
          handling_reason: null,
          mask_asset: null,
          clamped: false,
          crop_bbox: null,
          recognition_crop_bbox: null,
          crop_expansion_reason: null
        },
        {
          candidate_id: 67,
          mask_row: 67,
          class_id: 17,
          model_label: 'paragraph_title',
          score: 0.0175022688,
          original_bbox: [ 226.350952, 918.195374, 752.641541, 1180.68823 ],
          rank: 207,
          mask_nonzero: 2924,
          selected: false,
          filter_reason: 'below_score_threshold',
          handling_reason: null,
          mask_asset: null,
          clamped: false,
          crop_bbox: null,
          recognition_crop_bbox: null,
          crop_expansion_reason: null
        },
        {
          candidate_id: 68,
          mask_row: 68,
          class_id: 15,
          model_label: 'formula',
          score: 0.0173587445,
          original_bbox: [ 73.2585526, 248.933029, 546.208435, 288.072113 ],
          rank: 76,
          mask_nonzero: 414,
          selected: false,
          filter_reason: 'below_score_threshold',
          handling_reason: null,
          mask_asset: null,
          clamped: false,
          crop_bbox: null,
          recognition_crop_bbox: null,
          crop_expansion_reason: null
        },
        {
          candidate_id: 69,
          mask_row: 69,
          class_id: 16,
          model_label: 'number',
          score: 0.0172845684,
          original_bbox: [ 76.4745255, 59.6407852, 434.833038, 110.399277 ],
          rank: 14,
          mask_nonzero: 366,
          selected: false,
          filter_reason: 'below_score_threshold',
          handling_reason: null,
          mask_asset: null,
          clamped: false,
          crop_bbox: null,
          recognition_crop_bbox: null,
          crop_expansion_reason: null
        },
        {
          candidate_id: 70,
          mask_row: 70,
          class_id: 15,
          model_label: 'formula',
          score: 0.016735848,
          original_bbox: [ 72.8101807, 145.014938, 516.062378, 183.624237 ],
          rank: 30,
          mask_nonzero: 385,
          selected: false,
          filter_reason: 'below_score_threshold',
          handling_reason: null,
          mask_asset: null,
          clamped: false,
          crop_bbox: null,
          recognition_crop_bbox: null,
          crop_expansion_reason: null
        },
        {
          candidate_id: 71,
          mask_row: 71,
          class_id: 21,
          model_label: 'table',
          score: 0.0164831448,
          original_bbox: [ 226.972916, 922.073242, 462.845581, 1176.91687 ],
          rank: 201,
          mask_nonzero: 1208,
          selected: false,
          filter_reason: 'below_score_threshold',
          handling_reason: null,
          mask_asset: null,
          clamped: false,
          crop_bbox: null,
          recognition_crop_bbox: null,
          crop_expansion_reason: null
        },
        {
          candidate_id: 72,
          mask_row: 72,
          class_id: 17,
          model_label: 'paragraph_title',
          score: 0.0164728854,
          original_bbox: [ 72.8101807, 145.014938, 516.062378, 183.624237 ],
          rank: 30,
          mask_nonzero: 385,
          selected: false,
          filter_reason: 'below_score_threshold',
          handling_reason: null,
          mask_asset: null,
          clamped: false,
          crop_bbox: null,
          recognition_crop_bbox: null,
          crop_expansion_reason: null
        },
        {
          candidate_id: 73,
          mask_row: 73,
          class_id: 12,
          model_label: 'header',
          score: 0.0163872708,
          original_bbox: [ 76.7650986, 525.397644, 218.545639, 568.680847 ],
          rank: 120,
          mask_nonzero: 124,
          selected: false,
          filter_reason: 'below_score_threshold',
          handling_reason: null,
          mask_asset: null,
          clamped: false,
          crop_bbox: null,
          recognition_crop_bbox: null,
          crop_expansion_reason: null
        },
        {
          candidate_id: 74,
          mask_row: 74,
          class_id: 17,
          model_label: 'paragraph_title',
          score: 0.0162445083,
          original_bbox: [ 76.6448746, 60.0352707, 435.013916, 107.977501 ],
          rank: 17,
          mask_nonzero: 371,
          selected: false,
          filter_reason: 'below_score_threshold',
          handling_reason: null,
          mask_asset: null,
          clamped: false,
          crop_bbox: null,
          recognition_crop_bbox: null,
          crop_expansion_reason: null
        },
        {
          candidate_id: 75,
          mask_row: 75,
          class_id: 5,
          model_label: 'formula',
          score: 0.0161207654,
          original_bbox: [ 226.972916, 922.073242, 462.845581, 1176.91687 ],
          rank: 201,
          mask_nonzero: 1208,
          selected: false,
          filter_reason: 'below_score_threshold',
          handling_reason: null,
          mask_asset: null,
          clamped: false,
          crop_bbox: null,
          recognition_crop_bbox: null,
          crop_expansion_reason: null
        },
        {
          candidate_id: 76,
          mask_row: 76,
          class_id: 16,
          model_label: 'number',
          score: 0.0159868002,
          original_bbox: [ 78.8073044, 601.324768, 920.551575, 818.082703 ],
          rank: 130,
          mask_nonzero: 3894,
          selected: false,
          filter_reason: 'below_score_threshold',
          handling_reason: null,
          mask_asset: null,
          clamped: false,
          crop_bbox: null,
          recognition_crop_bbox: null,
          crop_expansion_reason: null
        },
        {
          candidate_id: 77,
          mask_row: 77,
          class_id: 6,
          model_label: 'doc_title',
          score: 0.0157425907,
          original_bbox: [ 226.972916, 922.073242, 462.845581, 1176.91687 ],
          rank: 201,
          mask_nonzero: 1208,
          selected: false,
          filter_reason: 'below_score_threshold',
          handling_reason: null,
          mask_asset: null,
          clamped: false,
          crop_bbox: null,
          recognition_crop_bbox: null,
          crop_expansion_reason: null
        },
        {
          candidate_id: 78,
          mask_row: 78,
          class_id: 16,
          model_label: 'number',
          score: 0.0153981093,
          original_bbox: [ 75.6731262, 345.267731, 220.933243, 387.809967 ],
          rank: 92,
          mask_nonzero: 132,
          selected: false,
          filter_reason: 'below_score_threshold',
          handling_reason: null,
          mask_asset: null,
          clamped: false,
          crop_bbox: null,
          recognition_crop_bbox: null,
          crop_expansion_reason: null
        },
        {
          candidate_id: 79,
          mask_row: 79,
          class_id: 11,
          model_label: 'formula_number',
          score: 0.0152807208,
          original_bbox: [ 75.6731262, 345.267731, 220.933243, 387.809967 ],
          rank: 92,
          mask_nonzero: 132,
          selected: false,
          filter_reason: 'below_score_threshold',
          handling_reason: null,
          mask_asset: null,
          clamped: false,
          crop_bbox: null,
          recognition_crop_bbox: null,
          crop_expansion_reason: null
        },
        {
          candidate_id: 80,
          mask_row: 80,
          class_id: 11,
          model_label: 'formula_number',
          score: 0.0152460681,
          original_bbox: [ 76.7650986, 525.397644, 218.545639, 568.680847 ],
          rank: 120,
          mask_nonzero: 124,
          selected: false,
          filter_reason: 'below_score_threshold',
          handling_reason: null,
          mask_asset: null,
          clamped: false,
          crop_bbox: null,
          recognition_crop_bbox: null,
          crop_expansion_reason: null
        },
        {
          candidate_id: 81,
          mask_row: 81,
          class_id: 7,
          model_label: 'figure_title',
          score: 0.0152283069,
          original_bbox: [ 96.2658844, 411.724396, 240.080704, 459.430328 ],
          rank: 113,
          mask_nonzero: 146,
          selected: false,
          filter_reason: 'below_score_threshold',
          handling_reason: null,
          mask_asset: null,
          clamped: false,
          crop_bbox: null,
          recognition_crop_bbox: null,
          crop_expansion_reason: null
        },
        {
          candidate_id: 82,
          mask_row: 82,
          class_id: 2,
          model_label: 'aside_text',
          score: 0.015188667,
          original_bbox: [ 76.4745255, 59.6407852, 434.833038, 110.399277 ],
          rank: 14,
          mask_nonzero: 366,
          selected: false,
          filter_reason: 'below_score_threshold',
          handling_reason: null,
          mask_asset: null,
          clamped: false,
          crop_bbox: null,
          recognition_crop_bbox: null,
          crop_expansion_reason: null
        },
        {
          candidate_id: 83,
          mask_row: 83,
          class_id: 20,
          model_label: 'seal',
          score: 0.0151601145,
          original_bbox: [ 226.972916, 922.073242, 462.845581, 1176.91687 ],
          rank: 201,
          mask_nonzero: 1208,
          selected: false,
          filter_reason: 'below_score_threshold',
          handling_reason: null,
          mask_asset: null,
          clamped: false,
          crop_bbox: null,
          recognition_crop_bbox: null,
          crop_expansion_reason: null
        },
        {
          candidate_id: 84,
          mask_row: 84,
          class_id: 22,
          model_label: 'text',
          score: 0.015127169,
          original_bbox: [ 73.4947968, 340.082672, 219.459274, 374.677246 ],
          rank: 91,
          mask_nonzero: 129,
          selected: false,
          filter_reason: 'below_score_threshold',
          handling_reason: null,
          mask_asset: null,
          clamped: false,
          crop_bbox: null,
          recognition_crop_bbox: null,
          crop_expansion_reason: null
        },
        {
          candidate_id: 85,
          mask_row: 85,
          class_id: 17,
          model_label: 'paragraph_title',
          score: 0.0151137738,
          original_bbox: [ 78.8073044, 601.324768, 920.551575, 818.082703 ],
          rank: 130,
          mask_nonzero: 3894,
          selected: false,
          filter_reason: 'below_score_threshold',
          handling_reason: null,
          mask_asset: null,
          clamped: false,
          crop_bbox: null,
          recognition_crop_bbox: null,
          crop_expansion_reason: null
        },
        {
          candidate_id: 86,
          mask_row: 86,
          class_id: 24,
          model_label: 'vision_footnote',
          score: 0.0150222238,
          original_bbox: [ 498.849701, 924.473267, 753.740173, 1179.90039 ],
          rank: 254,
          mask_nonzero: 1236,
          selected: false,
          filter_reason: 'below_score_threshold',
          handling_reason: null,
          mask_asset: null,
          clamped: false,
          crop_bbox: null,
          recognition_crop_bbox: null,
          crop_expansion_reason: null
        },
        {
          candidate_id: 87,
          mask_row: 87,
          class_id: 17,
          model_label: 'paragraph_title',
          score: 0.0149336457,
          original_bbox: [ 73.2585526, 248.933029, 546.208435, 288.072113 ],
          rank: 76,
          mask_nonzero: 414,
          selected: false,
          filter_reason: 'below_score_threshold',
          handling_reason: null,
          mask_asset: null,
          clamped: false,
          crop_bbox: null,
          recognition_crop_bbox: null,
          crop_expansion_reason: null
        },
        {
          candidate_id: 88,
          mask_row: 88,
          class_id: 5,
          model_label: 'formula',
          score: 0.0149242636,
          original_bbox: [ 498.849701, 924.473267, 753.740173, 1179.90039 ],
          rank: 254,
          mask_nonzero: 1236,
          selected: false,
          filter_reason: 'below_score_threshold',
          handling_reason: null,
          mask_asset: null,
          clamped: false,
          crop_bbox: null,
          recognition_crop_bbox: null,
          crop_expansion_reason: null
        },
        {
          candidate_id: 89,
          mask_row: 89,
          class_id: 16,
          model_label: 'number',
          score: 0.0149041787,
          original_bbox: [ 226.350952, 918.195374, 752.641541, 1180.68823 ],
          rank: 207,
          mask_nonzero: 2924,
          selected: false,
          filter_reason: 'below_score_threshold',
          handling_reason: null,
          mask_asset: null,
          clamped: false,
          crop_bbox: null,
          recognition_crop_bbox: null,
          crop_expansion_reason: null
        },
        {
          candidate_id: 90,
          mask_row: 90,
          class_id: 14,
          model_label: 'image',
          score: 0.0148616675,
          original_bbox: [ 87.9762344, 610.298767, 906.055115, 1206.27112 ],
          rank: 184,
          mask_nonzero: 8572,
          selected: false,
          filter_reason: 'below_score_threshold',
          handling_reason: null,
          mask_asset: null,
          clamped: false,
          crop_bbox: null,
          recognition_crop_bbox: null,
          crop_expansion_reason: null
        },
        {
          candidate_id: 91,
          mask_row: 91,
          class_id: 12,
          model_label: 'header',
          score: 0.0148247965,
          original_bbox: [ 75.6731262, 345.267731, 220.933243, 387.809967 ],
          rank: 92,
          mask_nonzero: 132,
          selected: false,
          filter_reason: 'below_score_threshold',
          handling_reason: null,
          mask_asset: null,
          clamped: false,
          crop_bbox: null,
          recognition_crop_bbox: null,
          crop_expansion_reason: null
        },
        {
          candidate_id: 92,
          mask_row: 92,
          class_id: 17,
          model_label: 'paragraph_title',
          score: 0.0146558024,
          original_bbox: [ 73.4572601, 197.438522, 575.458984, 236.287445 ],
          rank: 66,
          mask_nonzero: 366,
          selected: false,
          filter_reason: 'below_score_threshold',
          handling_reason: null,
          mask_asset: null,
          clamped: false,
          crop_bbox: null,
          recognition_crop_bbox: null,
          crop_expansion_reason: null
        },
        {
          candidate_id: 93,
          mask_row: 93,
          class_id: 14,
          model_label: 'image',
          score: 0.0146467658,
          original_bbox: [ 78.8073044, 601.324768, 920.551575, 818.082703 ],
          rank: 130,
          mask_nonzero: 3894,
          selected: false,
          filter_reason: 'below_score_threshold',
          handling_reason: null,
          mask_asset: null,
          clamped: false,
          crop_bbox: null,
          recognition_crop_bbox: null,
          crop_expansion_reason: null
        },
        {
          candidate_id: 94,
          mask_row: 94,
          class_id: 24,
          model_label: 'vision_footnote',
          score: 0.0146314567,
          original_bbox: [ 96.2658844, 411.724396, 240.080704, 459.430328 ],
          rank: 113,
          mask_nonzero: 146,
          selected: false,
          filter_reason: 'below_score_threshold',
          handling_reason: null,
          mask_asset: null,
          clamped: false,
          crop_bbox: null,
          recognition_crop_bbox: null,
          crop_expansion_reason: null
        },
        {
          candidate_id: 95,
          mask_row: 95,
          class_id: 14,
          model_label: 'image',
          score: 0.0145173408,
          original_bbox: [ 76.7650986, 525.397644, 218.545639, 568.680847 ],
          rank: 120,
          mask_nonzero: 124,
          selected: false,
          filter_reason: 'below_score_threshold',
          handling_reason: null,
          mask_asset: null,
          clamped: false,
          crop_bbox: null,
          recognition_crop_bbox: null,
          crop_expansion_reason: null
        },
        {
          candidate_id: 96,
          mask_row: 96,
          class_id: 14,
          model_label: 'image',
          score: 0.0144372899,
          original_bbox: [ 518.660583, 955.498718, 648.288635, 1156.80945 ],
          rank: 252,
          mask_nonzero: 394,
          selected: false,
          filter_reason: 'below_score_threshold',
          handling_reason: null,
          mask_asset: null,
          clamped: false,
          crop_bbox: null,
          recognition_crop_bbox: null,
          crop_expansion_reason: null
        },
        {
          candidate_id: 97,
          mask_row: 97,
          class_id: 24,
          model_label: 'vision_footnote',
          score: 0.0144011406,
          original_bbox: [ 73.4572601, 197.438522, 575.458984, 236.287445 ],
          rank: 66,
          mask_nonzero: 366,
          selected: false,
          filter_reason: 'below_score_threshold',
          handling_reason: null,
          mask_asset: null,
          clamped: false,
          crop_bbox: null,
          recognition_crop_bbox: null,
          crop_expansion_reason: null
        },
        {
          candidate_id: 98,
          mask_row: 98,
          class_id: 23,
          model_label: 'text',
          score: 0.0142720127,
          original_bbox: [ 226.350952, 918.195374, 752.641541, 1180.68823 ],
          rank: 207,
          mask_nonzero: 2924,
          selected: false,
          filter_reason: 'below_score_threshold',
          handling_reason: null,
          mask_asset: null,
          clamped: false,
          crop_bbox: null,
          recognition_crop_bbox: null,
          crop_expansion_reason: null
        },
        {
          candidate_id: 99,
          mask_row: 99,
          class_id: 12,
          model_label: 'header',
          score: 0.0142018907,
          original_bbox: [ 73.4572601, 197.438522, 575.458984, 236.287445 ],
          rank: 66,
          mask_nonzero: 366,
          selected: false,
          filter_reason: 'below_score_threshold',
          handling_reason: null,
          mask_asset: null,
          clamped: false,
          crop_bbox: null,
          recognition_crop_bbox: null,
          crop_expansion_reason: null
        },
        ... 200 more items
      ]
    }
  },
  operator: 'deepStrictEqual',
  diff: 'simple'
}

Node.js v22.23.2
